file_date,entry_day,ticker,issuer,form_type,price_field,entry_price,entry_price_spy,ret_1d,aret_1d,ret_5d,aret_5d,ret_20d,aret_20d,peak_gain_20d,max_drop_20d,market_cap,cap_bucket
2024-12-09,2024-12-10,0547.HK,"Doma Holdings, Inc.",SC 13D/A,Open,0.4950000047683716,605.3699951171875,-0.010101000370632551,-0.01077832858807759,-0.030303061318608826,-0.028353852264148105,-0.030303061318608826,,0.010101000370632551,-0.05050506205987393,2553359616.0,mid_large
2024-12-11,2024-12-12,13O.F,Ourgame International Holdings Ltd,SC 13D/A,Open,0.01600000075995922,606.5800170898438,0.0,0.00029673360597137766,0.0,0.025091548203815872,0.0,0.050792964968429444,0.0,0.0,22523098.0,micro
2024-12-11,2024-12-12,1965.HK,LANDSEA HOLDINGS CORP,SC 13D/A,Open,0.1720000058412552,606.5800170898438,0.0,0.00029673360597137766,-0.005813965073238725,0.019277583130577147,0.0930231812678548,0.14381614623628425,0.09883714634109353,-0.005813965073238725,51439964.0,micro
2024-12-09,2024-12-10,2BO.F,"Serina Therapeutics, Inc.",SC 13D/A,Open,4.71999979019165,605.3699951171875,0.004237284282951448,0.003559956065506409,-0.20338979711891336,-0.20144058806445264,-0.09745753850788552,,0.1546610278649707,-0.20338979711891336,38575012.0,micro
2024-12-12,2024-12-13,6JV.F,"GAMCO INVESTORS, INC. ET AL",SC 13D/A,Open,24.600000381469727,606.4000244140625,-0.008130112188539096,-0.00747044134758057,-0.06504066490482452,-0.02442390387053628,-0.11382118296706678,-0.0774754735753228,-0.008130112188539096,-0.11382118296706678,477805856.0,mid_large
2024-12-09,2024-12-10,AAP,ADVANCE AUTO PARTS INC,SC 13G/A,Open,47.310001373291016,605.3699951171875,-0.00507295860283552,-0.005750286820280559,-0.07989859404502475,-0.07794938499056403,,,0.018600660069199915,-0.11921376116318994,2920682496.0,mid_large
2025-02-24,2025-02-25,AB,ALLIANCEBERNSTEIN HOLDING L.P.,SC 13D/A,Open,37.52000045776367,597.1500244140625,0.009594898879514036,0.01163798970828589,0.008795256192198009,0.038000651366582816,0.02078887979159072,0.05737941102791366,0.025319849449598752,-0.019456277540776945,3605152512.0,mid_large
2025-03-17,2025-03-18,AB,ALLIANCEBERNSTEIN HOLDING L.P.,SC 13D/A,Open,37.63999938964844,564.7999877929688,0.006110508660092551,0.00959841720418253,0.017534533956278908,-0.0010561180035948414,0.009564309675588634,0.054057945344759495,0.02205105856837375,-0.13549411681243728,3605152512.0,mid_large
2025-03-25,2025-03-26,AB,ALLIANCEBERNSTEIN HOLDING L.P.,SC 13D/A,Open,38.380001068115234,575.1900024414062,0.0023449752496922383,0.016270825371610842,0.0023449752496922383,0.03735951751042832,-0.0471600136247704,0.019722288875263283,0.0023449752496922383,-0.1521625844205502,3605152512.0,mid_large
2025-04-02,2025-04-03,AB,ALLIANCEBERNSTEIN HOLDING L.P.,SC 13D/A,Open,37.099998474121094,545.1099853515625,0.008086335959476498,0.047417852566310925,-0.028301867392069302,-0.004563534231540767,0.10512133925286626,0.06912861183193342,0.10512133925286626,-0.12291099046202258,3605152512.0,mid_large
2024-12-10,2024-12-11,ABLLL,"Abacus Life, Inc.",SC 13D,Open,26.700000762939453,605.780029296875,0.0018726305480090133,0.0005520393197091522,0.009737764573178875,0.012709220780169228,0.0868913718551072,0.1197416202153252,0.3104869168031694,-0.0029962517385804244,,unknown
2024-12-13,2024-12-16,ACIU,AC Immune SA,SC 13G/A,Open,2.940000057220459,606.0,0.0,0.0029867946511448196,-0.09523808365313047,-0.0703041144261296,-0.08503401195044724,-0.05917595434292866,0.020408143405366452,-0.10204079812158606,345058016.0,mid_large
2024-12-13,2024-12-16,AFB,ALLIANCEBERNSTEIN NATIONAL MUNICIPAL INCOME FUND,SC 13D/A,Open,11.229999542236328,606.0,-0.006233276729972093,-0.003246482078827273,-0.02493319184191456,7.773850863035392e-07,-0.037399745301858744,-0.011541687694340164,-0.006233276729972093,-0.04986638368382923,315044512.0,mid_large
2024-12-16,2024-12-17,AFIB,"Acutus Medical, Inc.",SC 13D/A,Open,0.05999999865889549,604.1900024414062,0.030000011796752935,0.030347620945874176,-0.1499999968955914,-0.1365439568254796,-0.16500000279396776,-0.14841578344117945,0.25833330384145103,-0.266666654249032,8974.0,micro
2024-12-11,2024-12-12,AGAE,Allied Gaming & Entertainment Inc.,SC 13D/A,Open,0.8299999833106995,606.5800170898438,-0.030120453808230585,-0.029823720202259207,-0.09638552399916434,-0.07129397579534846,0.11204818870457478,0.16284115367300422,0.1325301403818675,-0.14457832190515985,21518686.0,micro
2024-12-17,2024-12-18,AIM,AIM ImmunoTech Inc.,SC 13D/A,Open,21.0,603.97998046875,0.0,0.02089472420492,-0.04761904761904767,-0.04020161556232105,-0.04761904761904767,-0.035996214539968596,0.19047619047619047,-0.09523809523809523,4947896.0,micro
2024-12-09,2024-12-10,AIZ,"ASSURANT, INC.",SC 13G/A,Open,217.75,605.3699951171875,0.0007348044184127822,5.7476200967743196e-05,-0.012169891602683669,-0.010220682548222948,,,0.0051434907792766715,-0.05272099071200487,11015750656.0,mid_large
2024-12-06,2024-12-09,AKAM,AKAMAI TECHNOLOGIES INC,SC 13G/A,Open,97.75,607.6900024414062,0.014015373366567996,0.01783312142050686,0.006751955622602335,0.009532982848024285,-0.05565219888906647,-0.02440272932714782,0.020153465173433416,-0.05565219888906647,10464276480.0,mid_large
2024-12-06,2024-12-09,AKTX,Akari Therapeutics Plc,SC 13D/A,Open,1.2300000190734863,607.6900024414062,-0.08943090455232161,-0.08561315649838275,-0.17886180910464322,-0.17608078187922127,0.1219511982374859,0.15320066779940456,0.13008127165877692,-0.23577237151274066,22357400.0,micro
2024-12-05,2024-12-06,ALB,Albemarle Corp.,SC 13G/A,Open,102.0,607.4400024414062,0.042745104023054425,0.04233354074273832,0.0,0.0017120670735609744,-0.10784313725490191,-0.09134764882645163,0.06372549019607843,-0.1568627450980392,10822121472.0,mid_large
2024-12-05,2024-12-06,ALIT,"Alight, Inc. / Delaware",SC 13D/A,Open,7.550000190734863,607.4400024414062,-0.009271545681188043,-0.00968310896150415,-0.050331139714041684,-0.04861907264048071,-0.08344372165897895,-0.06694823323052868,-0.009271545681188043,-0.11390729957461077,1379220224.0,mid_large
2024-12-10,2024-12-11,ALIT,"Alight, Inc. / Delaware",SC 13D/A,Open,7.480000019073486,605.780029296875,-0.022727282869045018,-0.02404787409734488,-0.05080215420747913,-0.04783069800048878,-0.13235297398808687,-0.09950272562786888,-0.022727282869045018,-0.13235297398808687,1379220224.0,mid_large
2024-12-06,2024-12-09,AOD,abrdn Total Dynamic Dividend Fund,SC 13D/A,Open,8.789999961853027,607.6900024414062,-0.005688303862554589,-0.001870555808615726,-0.020477850507047646,-0.017696823281625695,-0.034129714679955514,-0.0028802451180368616,-0.005688303862554589,-0.05119451777224715,997377280.0,mid_large
2024-12-11,2024-12-12,APO,"Apollo Global Management, Inc.",SC 13D/A,Open,178.52999877929688,606.5800170898438,-0.011874727674245356,-0.011577994068273978,-0.047498996166029483,-0.02240744796221361,-0.13913626005564717,-0.08834329508721772,-0.01069850263355776,-0.13913626005564717,76508577792.0,mid_large
2024-12-06,2024-12-09,APPF,APPFOLIO INC,SC 13G/A,Open,263.0,607.6900024414062,-0.024030446099691072,-0.02021269804575221,-0.013574172335432455,-0.010793145110010505,-0.05361219050766397,-0.022362720945745318,0.0009886302875474762,-0.059733865832194644,9249752064.0,mid_large
2024-12-12,2024-12-13,AQN.TO,ALGONQUIN POWER & UTILITIES CORP.,SC 13D/A,Open,6.420000076293945,606.4000244140625,-0.017133976979312404,-0.016474306138353878,-0.035825547716544226,0.004791213317744014,-0.0420560712956215,-0.0057103619038775255,0.023364500558389567,-0.0420560712956215,6052037120.0,mid_large
2024-12-06,2024-12-09,AQUC,Aquaron Acquisition Corp.,SC 13G/A,Open,11.15999984741211,607.6900024414062,-0.0008960778690472182,0.002921670184891645,0.008960607781093755,0.011741635006515705,0.09318996201368157,0.12443943157560022,0.1111110921211802,-0.0008960778690472182,30690440.0,micro
2024-12-05,2024-12-06,ARES,ARES MANAGEMENT LLC,SC 13D/A,Open,176.91000366210938,607.4400024414062,0.008987599937691826,0.008576036657375719,0.03600698086781984,0.03771904794138081,0.02470179767524061,0.04119728610369089,0.04228136098976942,-0.03764628073169729,50067845120.0,mid_large
2024-12-12,2024-12-13,ARES,ARES MANAGEMENT LLC,SC 13D/A,Open,183.27999877929688,606.4000244140625,-0.00545613272948664,-0.004796461888528114,-0.07109340280489318,-0.03047664177060494,-0.038902253002513154,-0.0025565436107691797,0.0,-0.07109340280489318,50067845120.0,mid_large
2024-12-10,2024-12-11,ARQQ,Arqit Quantum Inc.,SC 13D/A,Open,29.0,605.780029296875,-0.1606896499107624,-0.16201024113906226,0.25379312449488145,0.2567645807018718,-0.11344830743197742,-0.08059805907175943,0.6137930771400189,-0.18103448275862066,523756704.0,mid_large
2024-12-10,2024-12-11,AS,"Amer Sports, Inc.",SC 13D/A,Open,25.639999389648438,605.780029296875,0.01872080581167057,0.01740021458337071,0.12870519590345553,0.13167665211044588,0.18252731733937644,0.21537756569959443,0.18252731733937644,0.01872080581167057,17341450240.0,mid_large
2024-12-11,2024-12-12,ASGI,abrdn Global Infrastructure Income Fund,SC 13D/A,Open,19.030000686645508,606.5800170898438,-0.009458765038411032,-0.009162031432439655,-0.07251713180881092,-0.04742558360499505,-0.09143456165712205,-0.040641596688692605,-0.009458765038411032,-0.10457171304857948,595671488.0,mid_large
2024-12-06,2024-12-09,ASH,ASHLAND INC.,SC 13G/A,Open,76.47000122070312,607.6900024414062,0.001699977132768371,0.005517725186707234,-0.028507915135034367,-0.025726887909612417,-0.07584677597974909,-0.04459730641783044,0.001699977132768371,-0.0869622259673577,2319120384.0,mid_large
2024-12-09,2024-12-10,ATEX,Anterix Inc.,SC 13D/A,Open,34.31999969482422,605.3699951171875,-0.01048952836692052,-0.011166856584365559,-0.023601438825571197,-0.021652229771110476,,,-0.0011655278520698031,-0.1477272651488054,352495424.0,mid_large
2024-12-12,2024-12-13,ATRO,ASTRONICS CORP,SC 13G,Open,16.209999084472656,606.4000244140625,0.015422579526205737,0.016082250367164264,-0.03701415556341037,0.003602605470877873,0.0018507519025243724,0.03819646129426835,0.02035791793293762,-0.03701415556341037,1687133696.0,mid_large
2024-12-13,2024-12-16,AURE,Prestige Wealth Inc.,SC 13D,Open,1.5299999713897705,606.0,-0.16993463746740245,-0.16694784281625763,-0.13071890994400281,-0.10578494071700195,-0.08496731873370122,-0.059109261126182644,0.01307188320294328,-0.19607840387328912,142350192.0,micro
2024-12-06,2024-12-09,AZTA,"Azenta, Inc.",SC 13G/A,Open,45.650001525878906,607.6900024414062,0.028258424046246233,0.032076172100185096,-0.01774373157100173,-0.01496270434557978,0.13296822545302978,0.16421769501494843,0.13822557169065197,-0.025191708377643174,1399945344.0,mid_large
2024-12-06,2024-12-09,AZUL4.SA,AZUL SA,SC 13G,Open,4.460000038146973,607.6900024414062,0.01569510561942966,0.019512853673368524,-0.05605381117975716,-0.05327278395433521,-0.06950671303319966,-0.03825724347128101,0.01569510561942966,-0.25560540250080777,1072108032.0,mid_large
2024-12-13,2024-12-16,BAC-PM,BANK OF AMERICA CORP /DE/,SC 13D/A,Open,22.899999618530273,606.0,-0.010480339524720383,-0.007493544873575564,-0.013537094808138583,0.01139687441886228,-0.0004366912248218169,0.025421366382696764,0.016157242157069707,-0.024017434332858967,,unknown
2024-12-06,2024-12-09,BBAI,"BigBear.ai Holdings, Inc.",SC 13D/A,Open,4.150000095367432,607.6900024414062,-0.1759036150115687,-0.17208586695762984,-0.37349401328089116,-0.3707129860554692,-0.10361447153632675,-0.0723650019744081,0.23373488383155538,-0.37349401328089116,2675861248.0,mid_large
2024-12-12,2024-12-13,BBAI,"BigBear.ai Holdings, Inc.",SC 13D/A,Open,2.619999885559082,606.4000244140625,-0.007633580839735754,-0.006973909998777228,0.041984785618008225,0.08260154665229646,0.20992374609111808,0.24626945548286205,0.9541985149615855,-0.007633580839735754,2675861248.0,mid_large
2024-12-16,2024-12-17,BCAT,BlackRock Capital Allocation Term Trust,SC 13D/A,Open,15.90999984741211,604.1900024414062,-0.015084838052792482,-0.01473722890367124,-0.039597744844943716,-0.02614170477483191,-0.020113117403723235,-0.0035288980509349255,-0.014456288148471552,-0.05468258289773609,1526575744.0,mid_large
2024-12-10,2024-12-11,BCC,"New Mountain Guardian IV BDC, L.L.C.",SC 13D/A,Open,144.5800018310547,605.780029296875,-0.01687648644698081,-0.01819707767528067,-0.06958083712261331,-0.06660938091562296,-0.2070134176658106,-0.1741631693055926,-0.01687648644698081,-0.2070134176658106,2665148672.0,mid_large
2024-12-05,2024-12-06,BCTX,BriaCell Therapeutics Corp.,SC 13D/A,Open,10.100000381469727,607.4400024414062,-0.03960401555414428,-0.040015578834460386,-0.32673267981150866,-0.3250206127379477,-0.5247524743126416,-0.5082569858841913,0.24752474312641626,-0.5247524743126416,19300726.0,micro
2024-12-10,2024-12-11,BCTX,BriaCell Therapeutics Corp.,SC 13D/A,Open,11.0,605.780029296875,-0.3818181644786488,-0.38313875570694866,-0.40909090909090906,-0.4061194528839187,-0.5999999913302334,-0.5671497429700154,-0.3818181644786488,-0.5999999913302334,19300726.0,micro
2024-12-17,2024-12-18,BCYC,BICYCLE THERAPEUTICS PLC,SC 13D/A,Open,16.469999313354492,603.97998046875,-0.07043102259252809,-0.04953629838760809,-0.11293258859877964,-0.10551515654205301,-0.17243468836157128,-0.1608118552824922,-0.07043102259252809,-0.17243468836157128,427999936.0,mid_large
2024-12-09,2024-12-10,BEAGU,Bold Eagle Acquisition Corp.,SC 13D/A,Open,10.039999961853027,605.3699951171875,0.0,-0.000677328217445039,0.008964158658351318,0.010913367712812039,,,0.017928317316702413,-0.000996038737035021,,unknown
2024-12-06,2024-12-09,BEEM,Beam Global,SC 13G/A,Open,2.9100000858306885,607.6900024414062,0.037800650120745516,0.04161839817468438,-0.08934707312527013,-0.08656604589984818,0.20962195089478652,0.24087142045670518,0.2886597558053079,-0.08934707312527013,41096892.0,micro
2024-12-10,2024-12-11,BEIGF,"BeiGene, Ltd.",SC 13D/A,Open,14.399999618530273,605.780029296875,0.0,-0.001320591228299861,0.0,0.0029714562069903527,-0.026388831307857075,0.006461417052360918,0.0,-0.05034718381953729,27645153280.0,mid_large
2024-12-06,2024-12-09,BEN,FRANKLIN RESOURCES INC,SC 13D/A,Open,22.020000457763672,607.6900024414062,0.014532229253946038,0.0183499773078849,-0.0036330573134865096,-0.0008520300880645593,-0.11716620663358868,-0.08591673707167002,0.0249772582028549,-0.11716620663358868,11816889344.0,mid_large
2024-12-12,2024-12-13,BEN,FRANKLIN RESOURCES INC,SC 13D/A,Open,22.200000762939453,606.4000244140625,-0.011711721619211746,-0.01105205077825322,-0.10000005154996128,-0.05938329051567304,-0.14189195574882596,-0.10554624635708199,-0.011711721619211746,-0.14414417355703502,11816889344.0,mid_large
2024-12-17,2024-12-18,BETR,Better Home & Finance Holding Co,SC 13D/A,Open,11.489999771118164,603.97998046875,-0.085726690713536,-0.064831966508616,-0.0868581518571584,-0.07944071980043177,-0.08964314651774408,-0.078020313438665,-0.085726690713536,-0.3150565672471547,939770944.0,mid_large
2024-12-06,2024-12-09,BGR,BlackRock Energy and Resources Trust,SC 13G/A,Open,13.550000190734863,607.6900024414062,0.004428004804266195,0.008245752858205058,-0.029520337016533782,-0.02673930979111183,-0.030996315157333365,0.0002531544045852874,0.004428004804266195,-0.07306271270719977,340603584.0,mid_large
2024-12-05,2024-12-06,BLD,TopBuild Corp.,SC 13G/A,Open,382.68499755859375,607.4400024414062,-0.01566561311635839,-0.016077176396674497,-0.0819734123817707,-0.08026134530820972,-0.16312368708263958,-0.1466281986541893,-0.01566561311635839,-0.1926780140898332,11413954560.0,mid_large
2024-12-13,2024-12-16,BLIN,"Bridgeline Digital, Inc.",SC 13G/A,Open,1.3200000524520874,606.0,0.022727250149756628,0.025714044800901448,0.1742423414581986,0.19917631068519948,0.3560605232763805,0.3819185808838991,0.7803028873120952,0.015151500099837678,15261206.0,micro
2024-12-06,2024-12-09,BLK,"BlackRock, Inc.",SC 13G,Open,1049.969970703125,607.6900024414062,-0.00010475094967610232,0.0037129971042627608,0.008962193626724346,0.011743220852146297,-0.06641140453003092,-0.03516193496811226,0.01735284933046577,-0.06641140453003092,166510706688.0,mid_large
2024-12-05,2024-12-06,BNRG,Brenmiller Energy Ltd.,SC 13D/A,Open,3.755000114440918,607.4400024414062,0.025299543887176368,0.02488798060686026,-0.03328894705469565,-0.031576879981134676,1.5699066110327036,1.5864020994611538,1.5699066110327036,-0.08122504859167323,5712504.0,micro
2024-12-06,2024-12-09,BNTC,Benitec Biopharma Inc.,SC 13G/A,Open,11.350000381469727,607.6900024414062,0.05814976433742158,0.061967512391360446,0.05726868693251119,0.06004971415793314,0.014977979786810591,0.046227449348729244,0.14537441084355396,-0.00881060600077066,414232384.0,mid_large
2024-12-13,2024-12-16,BNY,BLACKROCK NEW YORK MUNICIPAL INCOME TRUST,SC 13D/A,Open,10.649999618530273,606.0,-0.0009388991141484615,0.002047895536996358,-0.04507038116707174,-0.020136411940070875,-0.03943662829463146,-0.013578570687112879,-0.0009388991141484615,-0.056337976458839645,245512128.0,micro
2024-12-11,2024-12-12,BOF,BranchOut Food Inc.,SC 13D/A,Open,1.9299999475479126,606.5800170898438,-0.0880828817123247,-0.08778614810635332,-0.14507770932611352,-0.11998616112229765,-0.07253885466305676,-0.02174588969462732,0.010362746465985007,-0.17098442107489353,37707152.0,micro
2024-12-13,2024-12-16,BRLT,BrilliA Inc,SC 13D,Open,1.9900000095367432,606.0,-0.015075362435176154,-0.012088567784031334,0.005025120811725348,0.02995909003872621,-0.03517590558624317,-0.009317847978724592,0.08542717360766239,-0.08542711370349709,241402496.0,micro
2024-12-06,2024-12-09,BRN,BARNWELL INDUSTRIES INC,SC 13D/A,Open,1.5299999713897705,607.6900024414062,0.08496731873370122,0.08878506678764009,0.0653594939292863,0.06814052115470826,0.039215727523399746,0.0704651970853184,0.11111116305415769,-0.0653594939292863,12289712.0,micro
2024-12-06,2024-12-09,BSRR,SIERRA BANCORP,SC 13G/A,Open,31.450000762939453,607.6900024414062,-0.02575520997269798,-0.021937461918759116,-0.01748811227557423,-0.01470708505015228,-0.10047694024655918,-0.06922747068464052,0.0028616899969664544,-0.10047694024655918,403395136.0,mid_large
2024-12-13,2024-12-16,BTA,BlackRock Long-Term Municipal Advantage Trust,SC 13D/A,Open,10.710000038146973,606.0,-0.007469647378254951,-0.0044828527271101315,-0.07749765833331035,-0.052563689106309486,-0.09617177677894762,-0.07031371917142903,-0.007469647378254951,-0.10550888052437657,127678976.0,micro
2024-12-06,2024-12-09,BWB,Bridgewater Bancshares Inc,SC 13D/A,Open,15.149999618530273,607.6900024414062,0.0,0.003817748053938863,-0.0019801804439980586,0.0008008467814238918,-0.14323433207481895,-0.1119848625129003,0.021122155548250587,-0.14323433207481895,463147680.0,mid_large
2024-12-05,2024-12-06,CABA,"Cabaletta Bio, Inc.",SC 13G/A,Open,3.2699999809265137,607.4400024414062,0.009174303230812475,0.008762739950496368,-0.09785930737287951,-0.09614724029931854,-0.18348621043800917,-0.1669907220095589,0.009174303230812475,-0.30886850041420666,238724240.0,micro
2024-12-17,2024-12-18,CADL,"Candel Therapeutics, Inc.",SC 13G,Open,6.730000019073486,603.97998046875,0.023625545236364953,0.044520269441284954,0.2942050540062362,0.3016224860629628,0.129271899419527,0.14089473249860607,0.4115898919875274,0.023625545236364953,279416064.0,micro
2024-12-06,2024-12-09,CAG,CONAGRA BRANDS INC.,SC 13G/A,Open,27.329999923706055,607.6900024414062,0.01170873383525528,0.015526481889194144,0.031833181180463965,0.034614208405885916,-0.027808277753510358,0.003441191808408295,0.031833181180463965,-0.027808277753510358,8175029760.0,mid_large
2024-12-12,2024-12-13,CARV,CARVER BANCORP INC,SC 13D/A,Open,1.809999942779541,606.4000244140625,0.02209949299826519,0.022759163839223717,0.027624349782459534,0.06824111081674777,0.005524922645682384,0.04187063203742636,0.049723776919236684,0.0,15940616.0,micro
2024-12-09,2024-12-10,CAZ0.SG,"CBL & Associates Properties, Inc. (the “Issuer”)",SC 13G,Open,28.399999618530273,605.3699951171875,0.007042280479784058,0.006364952262339019,0.04225354855837682,0.04420275761283754,0.0,,0.04225354855837682,-0.007042213319620072,816635840.0,mid_large
2024-12-06,2024-12-09,CBNA,"Chain Bridge Bancorp, Inc.",SC 13G/A,Open,26.489999771118164,607.6900024414062,-0.00943752367535211,-0.005619775621413248,0.01034353228441387,0.01312455950983582,-0.10343525084154825,-0.0721857812796296,0.026802604679347697,-0.10343525084154825,204663072.0,micro
2024-12-06,2024-12-09,CBOE,"Cboe Global Markets, Inc.",SC 13G/A,Open,202.44000244140625,607.6900024414062,-0.0012843793839621975,0.0025333686699766655,-0.010373474008050554,-0.0075924467826286035,-0.056905770270355815,-0.025656300708437163,0.007508418564166286,-0.056905770270355815,26307629056.0,mid_large
2024-12-06,2024-12-09,CCI,CROWN CASTLE INC.,SC 13G/A,Open,101.55000305175781,607.6900024414062,-0.00640080262279874,-0.002583054568859877,-0.04569177006605829,-0.04291074284063634,-0.1418020787113078,-0.11055260914938914,-0.00640080262279874,-0.1418020787113078,39118274560.0,mid_large
2024-12-09,2024-12-10,CDTX,"Cidara Therapeutics, Inc.",SC 13G,Open,22.170000076293945,605.3699951171875,-0.010374359108923148,-0.011051687326368187,0.0451059989426561,0.04705520799711682,,,0.24492558802388098,-0.07577809198892071,2475960064.0,mid_large
2024-12-05,2024-12-06,CE,Celanese Corp.,SC 13G/A,Open,70.25,607.4400024414062,0.028469750889679624,0.028058187609363516,-0.03060500392710186,-0.028892936853540885,-0.059074754816781594,-0.042579266388331316,0.028469750889679624,-0.059074754816781594,4045067520.0,mid_large
2024-12-13,2024-12-16,CERO,"CERo Therapeutics Holdings, Inc.",SC 13G,Open,112.0,606.0,-0.1071428571428571,-0.10415606249171228,0.03571428571428581,0.06064825494128667,-0.5053571292332241,-0.4794990716257055,0.5357142857142858,-0.5053571292332241,177375.0,micro
2024-12-12,2024-12-13,CFBK,CF BANKSHARES INC.,SC 13D/A,Open,27.25,606.4000244140625,-0.0058715540334719485,-0.005211883192513422,-0.1009174311926605,-0.06030067015837226,-0.2113761551883242,-0.17503044579658023,-0.0058715540334719485,-0.2113761551883242,150848768.0,micro
2024-12-06,2024-12-09,CLW,Clearwater Paper Corp,SC 13G/A,Open,27.0,607.6900024414062,-0.0011111365424262276,0.0027066115115126355,-0.08888887476038054,-0.08610784753495859,0.048148119891131325,0.07939758945304998,0.19555551034432872,-0.08888887476038054,296869632.0,micro
2024-12-06,2024-12-09,CNH,CNH Industrial N.V.,SC 13G/A,Open,12.09000015258789,607.6900024414062,-0.0016542975608970778,0.0021634504930417853,-0.029776725046153474,-0.026995697820731523,-0.07113321749358936,-0.03988374793167071,0.0008271487804485389,-0.08933001737596158,13096086528.0,mid_large
2024-12-05,2024-12-06,CNNE,"Cannae Holdings, Inc.",SC 13D/A,Open,20.90999984741211,607.4400024414062,0.0047824190434941904,0.004370855763178083,-0.012434253026262665,-0.01072218595270169,-0.05451933993148872,-0.03802385150303844,0.0047824190434941904,-0.06695359295775138,918479936.0,mid_large
2024-12-17,2024-12-18,COE,51Talk Online Education Group,SC 13D/A,Open,16.299999237060547,603.97998046875,-0.01840486203081859,0.0024898621741014093,0.04907982710761449,0.05649725916434112,0.20858906043065817,0.22021189350973724,0.2607362085230638,-0.01840486203081859,264438112.0,micro
2024-12-06,2024-12-09,CON,"Concentra Group Holdings Parent, Inc.",SC 13G,Open,20.549999237060547,607.6900024414062,0.002433145803675041,0.006250893857613904,0.026277417789558166,0.029058445014980117,-0.041362457697233346,-0.010112988135314693,0.03211678208833435,-0.0632603058551986,2453191936.0,mid_large
2024-12-16,2024-12-17,CPRT,"Copart, Inc.",SC 13G/A,Open,60.939998626708984,604.1900024414062,-0.005251061733433815,-0.004903452584312573,-0.03807022886619171,-0.024614188796079906,-0.07351492686566652,-0.05693070751287821,-0.005251061733433815,-0.09041677790780689,40581296128.0,mid_large
2024-12-13,2024-12-16,CRBG,"Corebridge Financial, Inc.",SC 13D,Open,30.489999771118164,606.0,-0.009183361388895084,-0.006196566737750264,-0.04526071404152043,-0.02032674481451957,0.00327977639292909,0.02913783400044767,0.024926213007116838,-0.05608393234861431,16310568960.0,mid_large
2024-12-06,2024-12-09,CRBU,"Caribou Biosciences, Inc.",SC 13D/A,Open,2.130000114440918,607.6900024414062,-0.009389773835924098,-0.005572025781985235,-0.1126761107282982,-0.10989508350287625,-0.13145543453294806,-0.1002059649710294,-0.009389773835924098,-0.24413148929444672,203939904.0,micro
2024-12-06,2024-12-09,CRDO,Credo Technology Group Holding Ltd,SC 13G/A,Open,74.12000274658203,607.6900024414062,-0.07339452563170756,-0.0695767775777687,0.05488398060865718,0.05766500783407913,0.005666461864299865,0.03691593142621852,0.05488398060865718,-0.11616298288316784,29955917824.0,mid_large
2024-12-13,2024-12-16,CRML,Critical Metals Corp.,SC 13D/A,Open,6.489999771118164,606.0,0.05762713184422985,0.06061392649537467,0.01232671854615952,0.037260687773160384,0.38520802591172876,0.41106608351924734,0.4052388608925628,-0.05392910893312197,1244135424.0,mid_large
2024-12-10,2024-12-11,CRSP,CRISPR Therapeutics AG,SC 13G/A,Open,49.0,605.780029296875,-0.03244898270587537,-0.033769573934175234,-0.0848979560696349,-0.08192649986264455,-0.18285712417291133,-0.15000687581269334,-0.03244898270587537,-0.20408163265306123,5183264768.0,mid_large
2024-12-05,2024-12-06,CTNT,CHEETAH NET SUPPLY CHAIN SERVICE INC.,SC 13D/A,Open,3.0,607.4400024414062,-0.06666668256123864,-0.06707824584155475,0.25,0.251712067073561,0.039999961853027344,0.05649545028147762,0.34666665395100904,-0.06666668256123864,4911572.0,micro
2024-12-12,2024-12-13,CTNT,CHEETAH NET SUPPLY CHAIN SERVICE INC.,SC 13G/A,Open,3.75,606.4000244140625,-0.14666665395100908,-0.14600698311005056,-0.12266667683919275,-0.0820499158049045,-0.3253333409627278,-0.28898763157098384,-0.005333328247070335,-0.3253333409627278,4911572.0,micro
2024-12-10,2024-12-11,CTOS,"Custom Truck One Source, Inc.",SC 13D/A,Open,5.369999885559082,605.780029296875,-0.027932979248437184,-0.029253570476737045,-0.05400371844194829,-0.05103226223495794,-0.1862197432609234,-0.1533694949007054,-0.027932979248437184,-0.1862197432609234,1329904768.0,mid_large
2024-12-06,2024-12-09,CTRN,Citi Trends Inc,SC 13G/A,Open,25.329999923706055,607.6900024414062,-0.03513617814169423,-0.03131843008775537,-0.02250294893569116,-0.019721921710269208,0.027240447537935086,0.05848991709985374,0.06237662567962943,-0.03513617814169423,310724160.0,mid_large
2024-12-12,2024-12-13,CURV,Torrid Holdings Inc.,SC 13G,Open,4.21999979019165,606.4000244140625,0.04739343508195093,0.048053105922909456,0.08530809275183748,0.12592485378612572,0.3649290320510292,0.4012747414427732,0.38625597049304394,0.021327051436607514,129907392.0,micro
2024-12-05,2024-12-06,CVE,Cenovus Energy Inc.,SC 13G/A,Open,15.5,607.4400024414062,-0.014193565614761816,-0.014605128895077923,-0.028387069702148438,-0.026675002628587463,0.005806461457283252,0.02230194988573353,0.005806461457283252,-0.08064516129032262,29002807296.0,mid_large
2024-12-06,2024-12-09,CVI,CVR ENERGY INC,SC 13D/A,Open,19.100000381469727,607.6900024414062,0.014136149338804138,0.017953897392743,-0.02931934318104401,-0.02653831595562206,-0.05549735312941484,-0.024247883567496187,0.028272198816425398,-0.07015707465052834,3640212992.0,mid_large
2024-12-18,2024-12-19,CVI,CVR ENERGY INC,SC 13D/A,Open,18.139999389648438,591.3599853515625,-0.020948135256467992,-0.004731336592602942,0.008269103138145883,-0.002181371748326555,,,0.18853363789226818,-0.020948135256467992,3640212992.0,mid_large
2025-01-07,2025-01-08,CVI,CVR ENERGY INC,SC 13D/A,Open,18.040000915527344,588.7000122070312,,,0.1480043255788972,0.14523550470406543,0.08203988176976562,0.061757900805227806,0.19512186096317286,0.03547668276987603,3640212992.0,mid_large
2024-12-16,2024-12-17,CVNA,CARVANA CO.,SC 13D/A,Open,254.25,604.1900024414062,-0.000983284169124854,-0.0006356750200036121,-0.12153389929787362,-0.10807785922776181,-0.14169122476493368,-0.12510700541214537,-0.000983284169124854,-0.2607079790053466,36216147968.0,mid_large
2024-12-06,2024-12-09,DFH,"Dream Finders Homes, Inc.",SC 13G/A,Open,31.020000457763672,607.6900024414062,-0.01676339297517726,-0.012945644921238397,-0.07801418570541219,-0.07523315847999024,-0.2823984558223753,-0.2511489862604567,-0.01676339297517726,-0.2823984558223753,1792948736.0,mid_large
2024-12-13,2024-12-16,DMB,"BNY Mellon Municipal Bond Infrastructure Fund, Inc.",SC 13D/A,Open,10.770000457763672,606.0,-0.0027855789573232315,0.0002012156938215881,-0.03899721991108962,-0.014063250684088757,-0.03899721991108962,-0.01313916230357104,-0.0027855789573232315,-0.051067796412059496,198600432.0,micro
2024-12-06,2024-12-09,DMNIF,Damon Inc.,SC 13D/A,Open,110.25,607.6900024414062,0.05782312925170063,0.061640877305639497,-0.01473922902494329,-0.01195820179952134,0.04308390022675734,0.074333369788676,0.07709750566893425,-0.3537414965986394,166632656.0,micro
2024-12-13,2024-12-16,DRIO,DarioHealth Corp.,SC 13G,Open,14.199999809265137,606.0,-0.01408449379940424,-0.011097699148259421,0.11267608471556234,0.1376100539425632,0.012676077999545843,0.038534135607064424,0.5211268078592703,-0.05211266063787778,91979624.0,micro
2024-12-13,2024-12-16,DSM,"BNY MELLON STRATEGIC MUNICIPAL BOND FUND, INC.",SC 13D/A,Open,6.010000228881836,606.0,-0.009983430504438173,-0.006996635853293354,-0.04159733618621053,-0.01666336695920967,-0.02995013283206982,-0.004092075224551239,-0.009983430504438173,-0.048252982969376745,300481280.0,mid_large
2024-12-06,2024-12-09,DSP,Viant Technology Inc.,SC 13D/A,Open,20.34000015258789,607.6900024414062,0.004424786229730637,0.0082425342836695,-0.012782705355523616,-0.010001678130101666,-0.1297934793433394,-0.09854400978142075,0.05408064765081977,-0.1297934793433394,574114304.0,mid_large
2024-12-12,2024-12-13,DSS,"DSS, INC.",SC 13D/A,Open,1.0800000429153442,606.4000244140625,-0.12037041636160684,-0.11971074552064831,-0.23148152747271789,-0.19086476643842964,-0.12685186932852166,-0.09050615993677769,0.01851850012202405,-0.25462965262524784,10547321.0,micro
2024-12-10,2024-12-11,DTCK,DAVIS COMMODITIES Ltd,SC 13D,Open,1.1299999952316284,605.780029296875,0.017699098239742916,0.016378507011443055,-0.10619469493340472,-0.10322323872641437,-0.0442477455993574,-0.01139749723913941,0.017699098239742916,-0.1327433422930192,155333952.0,micro
2024-12-16,2024-12-17,DUO,Fangdd Network Group Ltd.,SC 13G,Open,11.4399995803833,604.1900024414062,0.08391609032863334,0.08426369947775458,-0.1454545121092884,-0.13199847203917658,-0.153846096133209,-0.13726187678042068,0.08391609032863334,-0.20559435044648044,14897831.0,micro
2024-12-06,2024-12-09,DXCM,DEXCOM INC,SC 13G/A,Open,78.08999633789062,607.6900024414062,0.008964074919505016,0.01278182297344388,-0.015622917768234434,-0.012841890542812484,0.012933822302414466,0.04418329186433312,0.04943015483890645,-0.033550969907220174,23120162816.0,mid_large
2024-12-06,2024-12-09,ECG,"Everus Construction Group, Inc.",SC 13G,Open,67.91999816894531,607.6900024414062,-0.013692584367603788,-0.009874836313664925,0.006183718790754522,0.008964746016176472,0.009864519832270213,0.041113989394188866,0.07111310308107588,-0.06434038647961615,4757893120.0,mid_large
2024-12-09,2024-12-10,EL,ESTEE LAUDER COMPANIES INC,SC 13D/A,Open,80.80000305175781,605.3699951171875,0.011881176339284538,0.0112038481218395,-0.016955478896510057,-0.015006269842049336,,,0.011881176339284538,-0.10160899014580638,32825214976.0,mid_large
2024-12-10,2024-12-11,ENSV,Enservco Corp,SC 13D/A,Open,0.054999999701976776,605.780029296875,0.12727271495771797,0.1259521237294181,0.4545454299154359,0.45751688612242625,-0.25454542991543594,-0.22169518155521795,1.3454544346194615,-0.25454542991543594,349096.0,micro
2024-12-12,2024-12-13,ENX,Eaton Vance New York Municipal Bond Fund,SC 13D/A,Open,9.859999656677246,606.4000244140625,-0.004056791404240978,-0.003397120563282452,-0.021298179052649302,0.019318581981638938,-0.038539566701057626,-0.0021938573093136515,0.003042666094333013,-0.04563892747809528,179612880.0,micro
2024-12-17,2024-12-18,EOSE,"Eos Energy Enterprises, Inc.",SC 13D/A,Open,4.329999923706055,603.97998046875,-0.020785255005468795,0.00010946919945120648,0.039260988288526866,0.04667842034525349,0.4180138509633873,0.42963668404246635,0.4180138509633873,-0.02748266977715741,4149155328.0,mid_large
2024-12-06,2024-12-09,EPD,"MSD Partners, L.P.",SC 13D/A,Open,32.900001525878906,607.6900024414062,-0.013677834105432662,-0.0098600860514938,-0.01975688436876266,-0.01697585714334071,-0.027355668210865325,0.0038938013510533276,-0.01276601714781711,-0.07416420450579497,66408140800.0,mid_large
2024-12-11,2024-12-12,EPD,"Andreessen Horowitz Fund IV, L.P.",SC 13D/A,Open,32.47999954223633,606.5800170898438,-0.002155163048361275,-0.0018584294423898973,-0.056342362977141014,-0.03125081477332514,-0.006465489145083825,0.04432747582334562,0.005541881395094039,-0.062192133196827926,66408140800.0,mid_large
2024-12-16,2024-12-17,EPD,"Saba Capital Management, L.P.",SC 13D/A,Open,31.5,604.1900024414062,-0.011111123221261177,-0.010763514072139935,-0.009523785303509391,0.003932254766602417,0.058730110289558546,0.07531432964234686,0.0765079316638766,-0.033015902080233084,66408140800.0,mid_large
2024-12-06,2024-12-09,ET,"Castle Creek Capital Partners VIII, LP",SC 13D/A,Open,19.5,607.6900024414062,-0.02923075358072913,-0.025413005526790267,-0.024102528889973995,-0.021321501664552045,-0.005128224690755245,0.026121244871163407,0.01128201606946111,-0.05743594047350764,58046644224.0,mid_large
2024-12-11,2024-12-12,ET,"Alta Fox Opportunities Fund, LP",SC 13D/A,Open,19.170000076293945,606.5800170898438,0.0041731832753086895,0.004469916881280067,-0.040688611556662146,-0.015597063352846274,0.01982259568358158,0.07061556065201102,0.031820584659564055,-0.04121027190314286,58046644224.0,mid_large
2024-12-16,2024-12-17,ET,"RTW INVESTMENTS, LP",SC 13D/A,Open,18.549999237060547,604.1900024414062,0.00754724004070928,0.007894849189830522,0.03665769989991308,0.050113739970024884,0.08140163293726976,0.09798585229005807,0.08894887297797904,-0.00916442497497827,58046644224.0,mid_large
2024-12-09,2024-12-10,ETON,"Eton Pharmaceuticals, Inc.",SC 13G,Open,12.270000457763672,605.3699951171875,-0.021189911913762405,-0.021867240131207444,0.04563972657295623,0.04758893562741695,,,0.19152398860005593,-0.039934857906418375,516237568.0,mid_large
2024-12-11,2024-12-12,EU,enCore Energy Corp.,SC 13G,Open,3.3499999046325684,606.5800170898438,0.0029850718650552555,0.003281805471026633,0.014925430495003944,0.040016978698819816,-0.0089552155951661,0.041837749373263344,0.11343287321155815,-0.0447760779758305,497791168.0,mid_large
2024-12-12,2024-12-13,EVLV,"Evolv Technologies Holdings, Inc.",SC 13G/A,Open,3.869999885559082,606.4000244140625,-0.031007723283626443,-0.030348052442667917,-0.1007751622786558,-0.060158401244367554,-0.19379845534327467,-0.1574527459515307,0.04134375425857484,-0.21705424780599458,1246213120.0,mid_large
2024-12-09,2024-12-10,EVM,Eaton Vance California Municipal Bond Fund,SC 13D/A,Open,9.649999618530273,605.3699951171875,-0.0010361943629840775,-0.0017135225804291165,-0.02487044358606061,-0.022921234531599888,,,-0.0010361943629840775,-0.053885961103131486,233406016.0,micro
2024-12-06,2024-12-09,FBIZ,"FIRST BUSINESS FINANCIAL SERVICES, INC.",SC 13G/A,Open,49.54999923706055,607.6900024414062,-0.011099883865370086,-0.007282135811431223,-0.012714451620899903,-0.009933424395477952,-0.11059535068847393,-0.07934588112655527,0.016145292621158935,-0.11059535068847393,432195456.0,mid_large
2024-12-06,2024-12-09,FBRX,"Forte Biosciences, Inc.",SC 13G/A,Open,26.700000762939453,607.6900024414062,-0.056928854469303514,-0.05311110641536465,-0.13670417309295502,-0.13392314586753307,-0.22846442723465177,-0.19721495767273312,-0.02883896763150884,-0.30711612466773197,128058400.0,micro
2024-12-06,2024-12-09,FDMT,"4D Molecular Therapeutics, Inc.",SC 13G/A,Open,7.349999904632568,607.6900024414062,-0.020408176505266273,-0.01659042845132741,-0.10748298940182366,-0.10470196217640171,-0.13333333765838695,-0.1020838680964683,-0.016326515253891172,-0.2761904434436414,490842944.0,mid_large
2024-12-06,2024-12-09,FFIV,"F5, INC.",SC 13G/A,Open,256.8999938964844,607.6900024414062,0.00319193205021695,0.007009680104155813,0.01825614072725923,0.02103716795268118,-0.0039703738338073835,0.02727909572811127,0.020241387039995562,-0.029739196462289175,14218529792.0,mid_large
2024-12-06,2024-12-09,FICO,FAIR ISAAC CORP,SC 13G/A,Open,2353.820068359375,607.6900024414062,-0.05133786117086303,-0.04752011311692417,-0.08084306936644192,-0.07806204214101997,-0.18207426902349877,-0.15082479946158012,-0.05133786117086303,-0.18207426902349877,39106756608.0,mid_large
2024-12-09,2024-12-10,FIS,INFORMA PLC,SC 13D,Open,83.66999816894531,605.3699951171875,0.014820192665240262,0.014142864447795223,-0.01135409309229296,-0.00940488403783224,,,0.02306681423942125,-0.05414125586748508,33824014336.0,mid_large
2024-12-17,2024-12-18,FLGC,"Flora Growth Corp., an Ontario corporation",SC 13D/A,Open,45.630001068115234,603.97998046875,-0.06837612696796946,-0.04748140276304946,-0.1282051753644633,-0.12078774330773667,-0.19658121873179335,-0.18495838565271427,-0.04273505845482106,-0.20512821370262968,6767372.0,micro
2024-12-13,2024-12-16,FMN,Federated Hermes Premier Municipal Income Fund,SC 13D/A,Open,11.319999694824219,606.0,-0.006183718790754411,-0.0031969241396095915,-0.033568915608245375,-0.008634946381244513,-0.0362190687690187,-0.010361011161500122,-0.006183718790754411,-0.042402787559773114,86553016.0,micro
2024-12-12,2024-12-13,FMR.TO,FMR LLC,SC 13D/A,Open,0.15000000596046448,606.4000244140625,0.0,0.0006596708409585261,0.0,0.04061676103428824,0.0,0.036345709391743974,0.0,0.0,6675037.0,micro
2024-12-05,2024-12-06,FND,"Floor & Decor Holdings, Inc.",SC 13G/A,Open,109.12999725341797,607.4400024414062,0.013378531304113261,0.012966968023797154,0.028498127816585894,0.03021019489014687,-0.10079721686839394,-0.08430172843994366,0.03491253810939643,-0.10977729340283515,6620536320.0,mid_large
2024-12-11,2024-12-12,FOA,Finance of America Companies Inc.,SC 13D/A,Open,25.0,606.5800170898438,0.027200012207031277,0.027496745813002654,0.04879997253417967,0.07389152073799554,0.11360000610351562,0.16439297107194506,0.2544000244140625,-0.052799987792968794,254934000.0,micro
2024-12-10,2024-12-11,FSLR,"FIRST SOLAR, INC.",SC 13D,Open,205.67999267578125,605.780029296875,-0.01944768641792649,-0.020768277646226352,-0.08085370583534457,-0.07788224962835422,-0.07370667514179363,-0.04085642678157564,-0.01944768641792649,-0.1517891242398426,29766207488.0,mid_large
2024-12-09,2024-12-10,FTI,TechnipFMC plc,SC 13G/A,Open,30.610000610351562,605.3699951171875,-0.004900409111007309,-0.005577737328452348,-0.011107485978713472,-0.00915827692425275,,,0.044756579698383536,-0.06991183450918892,17127380992.0,mid_large
2024-12-06,2024-12-09,FULC,"Fulcrum Therapeutics, Inc.",SC 13G,Open,3.990000009536743,607.6900024414062,-0.002506263268008846,0.0013114847859300172,-0.007518789804026538,-0.004737762578604587,0.21804514333288738,0.24929461289480603,0.28070178478713803,-0.007518789804026538,425912128.0,mid_large
2024-12-09,2024-12-10,FWONA,Liberty Media Corp,SC 13G,Open,83.08999633789062,605.3699951171875,-0.004934360943374849,-0.005611689160819888,0.04055846546048336,0.04250767451494408,,,0.05006623956501888,-0.004934360943374849,25084835840.0,mid_large
2024-12-05,2024-12-06,FYBR,"Frontier Communications Parent, Inc.",SC 13D/A,Open,34.459999084472656,607.4400024414062,0.0026117282350262006,0.002200164954710093,0.006964645526498003,0.008676712600058978,0.018572240471614432,0.03506772890006471,0.018572240471614432,0.0026117282350262006,9455266816.0,mid_large
2024-12-10,2024-12-11,FYBR,"Frontier Communications Parent, Inc.",SC 13G,Open,34.59000015258789,605.780029296875,0.004047394883806232,0.0027268036555063713,0.007516574743748672,0.010488030950739025,0.016189689818463915,0.04903993817868191,0.016189689818463915,0.0014454824180394343,9455266816.0,mid_large
2024-12-09,2024-12-10,GASS,StealthGas Inc.,SC 13D/A,Open,5.199999809265137,605.3699951171875,0.026923143934218574,0.026245815716773535,-0.06153840510802655,-0.05958919605356583,,,0.16538464712673506,-0.06346152611738076,252325712.0,micro
2024-12-09,2024-12-10,GBIO,Generation Bio Co.,SC 13G/A,Open,13.0,605.3699951171875,-0.015384600712702867,-0.016061928930147906,-0.13076921609731817,-0.12882000704285745,,,-0.015384600712702867,-0.1923076923076923,34957472.0,micro
2024-12-12,2024-12-13,GCT,GigaCloud Technology Inc,SC 13D/A,Open,20.5,606.4000244140625,0.008780502691501546,0.009440173532460072,-0.15024389871736854,-0.1096271376830803,-0.06878048036156637,-0.03243477096982239,0.04878048780487809,-0.16097557253953887,1031296832.0,mid_large
2024-12-10,2024-12-11,GECCI,"Great Elm Group, Inc.",SC 13D/A,Open,25.3799991607666,605.780029296875,-0.0011819850389612752,-0.0025025762672611362,-0.011032261172400193,-0.00806080496540984,-0.012608341426538994,0.020241906933679,-0.0011819850389612752,-0.016548466910243143,,unknown
2024-12-12,2024-12-13,GF,NEW GERMANY FUND INC,SC 13D/A,Open,8.420000076293945,606.4000244140625,-0.01068885412973819,-0.010029183288779664,-0.06532068714385875,-0.024703926109570506,-0.07244657101985386,-0.03610086162810988,-0.01068885412973819,-0.0783847792674377,175550624.0,micro
2024-12-10,2024-12-11,GGAL,GRUPO FINANCIERO GALICIA SA,SC 13G,Open,58.290000915527344,605.780029296875,0.059529891087744424,0.05820929985944456,0.19643157948882672,0.19940303569581708,0.23520327447482625,0.26805352283504424,0.24378107499201263,0.04649166309672781,9606702080.0,mid_large
2024-12-06,2024-12-09,GIS,GENERAL MILLS INC,SC 13G/A,Open,64.98999786376953,607.6900024414062,0.01015546520701327,0.013973213260952133,0.027850519271940488,0.03063154649736244,-0.0678565345079557,-0.03660706494603705,0.029081388702461686,-0.0678565345079557,24745187328.0,mid_large
2024-12-09,2024-12-10,GLEN.L,Glencore plc,SC 13D/A,Open,387.0,605.3699951171875,-0.01033591731266148,-0.011013245530106519,-0.056847545219638196,-0.054898336165177475,-0.06007751937984496,,0.0051679586563306845,-0.09031010906209624,43837018112.0,mid_large
2024-12-06,2024-12-09,GRDN,"Guardian Pharmacy Services, Inc.",SC 13G,Open,25.489999771118164,607.6900024414062,-0.06002356611941195,-0.05620581806547309,-0.0972930390154938,-0.09451201179007185,-0.22361706185848196,-0.1923675922965633,-0.02706946019040113,-0.23107098636863044,1835665152.0,mid_large
2024-12-09,2024-12-10,GRND,Grindr Inc.,SC 13D/A,Open,15.520000457763672,605.3699951171875,0.01804121937581038,0.01736389115836534,0.08956181370169403,0.09151102275615475,,,0.18105666127971776,0.009664923589305596,2532185088.0,mid_large
2024-12-06,2024-12-09,GRPN,"Groupon, Inc.",SC 13G,Open,13.100000381469727,607.6900024414062,-0.04732830696023527,-0.043510558906296404,-0.12061067768677347,-0.11782965046135152,-0.04885498661725618,-0.017605517055337527,-0.02977101770732915,-0.22442751514849724,827317760.0,mid_large
2024-12-13,2024-12-16,GRPN,"Groupon, Inc.",SC 13G,Open,11.520000457763672,606.0,-0.025173689583658287,-0.022186894932513468,-0.10069450998195639,-0.07576054075495553,-0.004340294162155756,0.021517763445362825,0.08159718255478077,-0.11805560384635383,827317760.0,mid_large
2024-12-06,2024-12-09,GRRR,Gorilla Technology Group Inc.,SC 13G/A,Open,7.235000133514404,607.6900024414062,0.09053209687406394,0.0943498449280028,0.2881823804883643,0.29096340771378626,1.2529369642378727,1.2841864337997912,2.4319280532818555,0.06979953397159866,340261920.0,mid_large
2024-12-17,2024-12-18,GTX,Garrett Motion Inc.,SC 13D/A,Open,9.359999656677246,603.97998046875,-0.016025600858143862,0.0048691233467761386,-0.036324702071011905,-0.02890727001428528,0.007478702036981089,0.019101535116060164,0.016025702746429227,-0.0555555046114129,3395664384.0,mid_large
2024-12-05,2024-12-06,GWAV,"Greenwave Technology Solutions, Inc.",SC 13G,Open,97.9000015258789,607.4400024414062,-0.05842697785036399,-0.0588385411306801,-0.2584269934364608,-0.25671492636289983,-0.16629211977073788,-0.1497966313422876,-0.05842697785036399,-0.3449438584894625,3630657.0,micro
2024-12-06,2024-12-09,H,Hyatt Hotels Corp,SC 13G,Open,163.80999755859375,607.6900024414062,-0.030584180340054612,-0.02676643228611575,-0.029424285069692413,-0.026643257844270463,-0.07020328533908027,-0.038953815777161616,-0.010316845531981311,-0.07020328533908027,13176929280.0,mid_large
2024-12-06,2024-12-09,HAIAF,Healthcare AI Acquisition Corp.,SC 13G/A,Open,11.59000015258789,607.6900024414062,0.0,0.003817748053938863,-0.006039662976931814,-0.003258635751509864,0.008628078212154389,0.03987754777407304,0.008628078212154389,-0.09318377131038302,69288888.0,micro
2024-12-10,2024-12-11,HBB,Hamilton Beach Brands Holding Co,SC 13D/A,Open,18.309999465942383,605.780029296875,-0.0333150584814359,-0.03463564970973576,-0.022938289925959254,-0.0199668337189689,-0.11851448058915925,-0.08566423222894126,-0.01201525503939549,-0.12342983587113487,196888736.0,micro
2024-12-05,2024-12-06,HD,"The name of the issuer is REVELYST, INC. (the """,SC 13G,Open,428.70001220703125,607.4400024414062,0.008514097953236544,0.008102534672920436,-0.030161004957273252,-0.028448937883712277,-0.08817358813671361,-0.07167809970826333,0.008514097953236544,-0.10573831536993894,372115341312.0,mid_large
2024-12-13,2024-12-16,HD,"The name of the issuer is AVID BIOSERVICES, INC. (the """,SC 13G,Open,417.8500061035156,606.0,-0.018786660258109267,-0.015799865606964447,-0.06401818740998921,-0.03908421818298835,-0.026803905811734308,-0.0009458482042157268,-0.018786660258109267,-0.08340314848501429,372115341312.0,mid_large
2024-12-06,2024-12-09,HFF.BE,"HARTFORD FINANCIAL SERVICES GROUP, INC.",SC 13G/A,Open,113.0,607.6900024414062,-0.026548672566371723,-0.02273092451243286,-0.06194690265486724,-0.05916587542944529,-0.07079646017699115,-0.0395469906150725,-0.026548672566371723,-0.08849557522123896,,unknown
2024-12-10,2024-12-11,HGAS,Global Gas Corp,SC 13D/A,Open,0.33000001311302185,605.780029296875,-0.545151555188977,-0.5464721464172768,-0.5448485197683763,-0.541877063561386,-0.2577273129152513,-0.2248770645550333,0.023333320990957862,-0.5454545454545454,726212.0,micro
2024-12-06,2024-12-09,HHS,HARTE HANKS INC,SC 13D,Open,5.920000076293945,607.6900024414062,-0.027027000903735332,-0.02320925284979647,-0.027027000903735332,-0.02424597367831338,-0.12500004027340816,-0.09375057071148951,0.010135125338900819,-0.1300675626694504,20538980.0,micro
2024-12-12,2024-12-13,HLP,Hongli Group Inc.,SC 13G,Open,1.3600000143051147,606.4000244140625,0.005147036329994803,0.005806707170953329,-0.007352934086817808,0.03326382694747043,-0.05882356034843117,-0.022477850956687195,0.11764703304297397,-0.05882356034843117,113830064.0,micro
2024-12-09,2024-12-10,HR,Healthcare Realty Trust Inc,SC 13D/A,Open,18.049999237060547,605.3699951171875,-0.02548471489839066,-0.026162043115835698,-0.04432128924515277,-0.04237208019069205,,,-0.02548471489839066,-0.08753462551189328,6380976640.0,mid_large
2024-12-05,2024-12-06,HROW,"HARROW, INC.",SC 13G/A,Open,37.66999816894531,607.4400024414062,0.05043805729317086,0.05002649401285475,-0.0294663352696779,-0.027754268196116927,-0.04645606809300773,-0.029960579664557452,0.05972923040529565,-0.12131669543301626,1310615552.0,mid_large
2024-12-10,2024-12-11,HSBC,HSBC HOLDINGS PLC,SC 13G,Open,48.5099983215332,605.780029296875,0.0,-0.001320591228299861,0.010101045050939339,0.013072501257929692,0.022057380881139288,0.05490762924135728,0.026180179379637902,-0.01999582435720859,243860766720.0,mid_large
2024-12-06,2024-12-09,HTOO,Fusion Fuel Green PLC,SC 13D,Open,19.670000076293945,607.6900024414062,-0.11565834314724155,-0.11184059509330269,-0.21708187296398773,-0.21430084573856578,0.13879001177668981,0.17003948133860847,0.3042704924828452,-0.21708187296398773,6626675.0,micro
2024-12-11,2024-12-12,HTOO,Fusion Fuel Green Plc,SC 13G/A,Open,18.690000534057617,606.5800170898438,-0.08426970133411327,-0.08397296772814189,-0.10112366201130063,-0.07603211380748476,0.1235954735117859,0.17438843848021535,0.3726591735455549,-0.17603000650172163,6626675.0,micro
2024-12-11,2024-12-12,I9C.SG,iClick Interactive Asia Group Ltd,SC 13D/A,Open,6.650000095367432,606.5800170898438,0.022556404994930057,0.022853138600901435,0.15789469155484115,0.18298623975865702,0.2105263271112896,0.26131929207971905,0.45864656694101646,0.022556404994930057,12068760.0,micro
2024-12-06,2024-12-09,IBEX,IBEX Ltd,SC 13D/A,Open,19.799999237060547,607.6900024414062,0.03080811282102469,0.034625860874963554,0.021212125882702715,0.023993153108124665,0.08181822735635103,0.11306769691826968,0.10353541532325417,-0.00959589060757915,503941664.0,mid_large
2024-12-05,2024-12-06,ICCT,iCoreConnect Inc,SC 13G/A,Open,3.4000000953674316,607.4400024414062,0.04705877733065722,0.04664721405034111,0.005882347166332069,0.007594414239893044,-0.2176470555236184,-0.20115156709516813,0.2764705973100494,-0.26470590297738517,34139.0,micro
2024-12-12,2024-12-13,ICCT,iCoreConnect Inc.,SC 13G/A,Open,3.4200000762939453,606.4000244140625,-0.06432749231065238,-0.06366782146969385,-0.22807016198520413,-0.1874534009509159,-0.33333335657101104,-0.29698764717926707,-0.05555557104734077,-0.33333335657101104,34139.0,micro
2024-12-05,2024-12-06,ICFI,"ICF International, Inc.",SC 13G/A,Open,133.3300018310547,607.4400024414062,-0.005250108292424449,-0.0056616715727405564,-0.049651261199038954,-0.04793919412547798,-0.1301282399748681,-0.11363275154641783,-0.005250108292424449,-0.1301282399748681,1533685248.0,mid_large
2024-12-06,2024-12-09,IGI,Western Asset Investment Grade Opportunity Trust Inc.,SC 13G/A,Open,16.8799991607666,607.6900024414062,-0.0035544709079036174,0.00026327714603524566,0.0005924306504161425,0.003373457875838093,-0.03258289481073462,-0.001333425248815967,0.0005924306504161425,-0.03613736571863824,98955160.0,micro
2024-12-05,2024-12-06,ILMN,"Illumina, Inc.",SC 13G,Open,140.02000427246094,607.4400024414062,0.00392803195954472,0.0035164686792286126,0.04577909018519444,0.04749115725875541,-0.0014283455373491627,0.015067142891101115,0.05949151247592854,-0.059491512475928654,18708832256.0,mid_large
2024-12-05,2024-12-06,IMG,CIMG Inc.,SC 13G/A,Open,0.8339999914169312,607.4400024414062,0.005995198181157901,0.005583634900841794,-0.05275775828786866,-0.05104569121430769,-0.14148677713108404,-0.12499128870263376,0.005995198181157901,-0.24940048732872422,37612796.0,micro
2024-12-06,2024-12-09,INBK,First Internet Bancorp,SC 13G,Open,41.79999923706055,607.6900024414062,-0.028708152747417115,-0.024890404693478252,-0.010287088828330293,-0.007506061602908343,-0.19545450521687235,-0.1642050356549537,0.014593316303477932,-0.19545450521687235,159101104.0,micro
2024-12-06,2024-12-09,INFU,"InfuSystem Holdings, Inc",SC 13D/A,Open,9.039999961853027,607.6900024414062,0.02101765278595802,0.024835400839896882,-0.005530994573656467,-0.0027499673482345166,-0.12168140589317977,-0.09043193633126112,0.02101765278595802,-0.13384956230673983,204259648.0,micro
2024-12-05,2024-12-06,INSE,"Inspired Entertainment, Inc.",SC 13G/A,Open,9.859999656677246,607.4400024414062,-0.026369095766798134,-0.02678065904711424,-0.0770790366805788,-0.07536696960701783,-0.11764704744452514,-0.10115155901607487,-0.026369095766798134,-0.14300201790141542,230439536.0,micro
2024-12-11,2024-12-12,IOT,Samsara Inc.,SC 13D/A,Open,45.720001220703125,606.5800170898438,0.010936132691387268,0.011232866297358646,-0.03718286783793112,-0.01209131963411525,-0.05861767790072181,-0.007824712932292366,0.025371824506575713,-0.07283468377395363,22228340736.0,mid_large
2024-12-06,2024-12-09,IVFH,INNOVATIVE FOOD HOLDINGS INC,SC 13D/A,Open,1.9600000381469727,607.6900024414062,-0.03061227592911475,-0.02679452787517589,-0.08673473111493768,-0.08395370388951573,-0.0247449286179654,0.006504540943953252,-0.005102035851341613,-0.1275510179256708,23557844.0,micro
2024-12-12,2024-12-13,IVVD,"Invivyd, Inc.",SC 13D/A,Open,0.6000000238418579,606.4000244140625,-0.08333334989017849,-0.08267367904921996,-0.3000000496705353,-0.25938328863624704,-0.35000004967053533,-0.31365434027879135,-0.05333333995607137,-0.35000004967053533,325902368.0,mid_large
2024-12-13,2024-12-16,IX,ORIX CORP,SC 13D/A,Open,21.573999404907227,606.0,-0.010475564957228789,-0.007488770306083969,-0.023361440807695977,0.001572528419304886,-0.043107459480333676,-0.017249401872815096,-0.0015759010993645628,-0.08185774029132198,27545909248.0,mid_large
2024-12-06,2024-12-09,JD,"JD.com, Inc.",SC 13D/A,Open,40.619998931884766,607.6900024414062,-0.020433235799666938,-0.016615487745728075,-0.09551938344272959,-0.09273835621730764,-0.14771049132870084,-0.11646102176678219,-0.020433235799666938,-0.1600196989394258,46400114688.0,mid_large
2024-12-13,2024-12-16,JNJ,John,SC 13G/A,Open,146.72999572753906,606.0,-0.019696036760028512,-0.016709242108883693,-0.014311939657014716,0.010622029569986147,-0.009677627003970568,0.016180430603548013,-0.007156021824655023,-0.03905129076796954,448128876544.0,mid_large
2024-12-17,2024-12-18,KARX,Karbon-X Corp.,SC 13D/A,Open,1.5,603.97998046875,0.0,0.02089472420492,0.33333333333333326,0.3407507653900599,0.0,0.011622833079079076,0.6666666666666667,0.0,45325048.0,micro
2024-12-12,2024-12-13,KAVL,"Kaival Brands Innovations Group, Inc.",SC 13D/A,Open,0.8799999952316284,606.4000244140625,-0.01136362558800319,-0.010703954747044664,-0.061363659454278796,-0.020746898419990556,0.3409090385703013,0.3772547479620453,0.3409090385703013,-0.08863637441199679,6132909.0,micro
2024-12-09,2024-12-10,KWR,QUAKER CHEMICAL CORP,SC 13D/A,Open,154.88999938964844,605.3699951171875,0.006262516783042571,0.005585188565597532,-0.031570788358949664,-0.029621579304488943,,,0.006262516783042571,-0.15068756168805608,2335355904.0,mid_large
2024-12-17,2024-12-18,KWR,QUAKER CHEMICAL CORP,SC 13D/A,Open,148.5500030517578,603.97998046875,-0.02053182759407368,0.0003628966108463194,-0.06267248311903406,-0.055255051062307436,-0.09693711786903281,-0.08531428478995373,-0.02053182759407368,-0.15785933420321951,2335355904.0,mid_large
2024-12-13,2024-12-16,LBTYK,Liberty Global Ltd.,SC 13G,Open,13.699999809265137,606.0,-0.013868582702811882,-0.010881788051667063,-0.059124049432073056,-0.03419008020507219,-0.11532846319001555,-0.08947040558249697,-0.010948877417416458,-0.12408757904620171,3653387520.0,mid_large
2024-12-13,2024-12-16,LEO,"BNY MELLON STRATEGIC MUNICIPALS, INC.",SC 13D/A,Open,6.28000020980835,606.0,-0.00796181354528791,-0.004975018894143091,-0.04299362609969615,-0.018059656872695284,-0.028662468019451603,-0.0028044104119330227,-0.00796181354528791,-0.04777072941276517,400227328.0,mid_large
2024-12-13,2024-12-16,LPTH,LIGHTPATH TECHNOLOGIES INC,SC 13G/A,Open,2.240000009536743,606.0,-0.035714251502436234,-0.032727456851291414,0.21875000332615202,0.24368397255315288,0.37499996008617553,0.4008580176936941,0.9196429341195187,-0.035714251502436234,355692800.0,mid_large
2024-12-13,2024-12-16,LTCH,"Latch,",SC 13G,Open,0.11999999731779099,606.0,0.04166668994973155,0.04465348460087637,0.008333350407580875,0.03326731963458174,0.12500006984919465,0.15085812745671323,0.13333342025677553,-0.1666666356225801,19315036.0,micro
2024-12-09,2024-12-10,LU,Lufax Holding Ltd,SC 13D/A,Open,2.799999952316284,605.3699951171875,-0.04999995316777828,-0.050677281385223316,-0.06785716444862167,-0.06590795539416094,,,-0.024999976583889194,-0.14999994465282895,2470063360.0,mid_large
2024-12-12,2024-12-13,LUCD,Lucid Diagnostics Inc.,SC 13D/A,Open,0.7799999713897705,606.4000244140625,0.01282057748038623,0.013480248321344757,0.01282057748038623,0.05343733851467447,0.04230776049446794,0.07865346988621191,0.15000006113297126,-0.02051278641943266,142401152.0,micro
2024-12-09,2024-12-10,LXRX,"LEXICON PHARMACEUTICALS, INC.",SC 13D/A,Open,0.75,605.3699951171875,-0.013333320617675781,-0.01401064883512082,0.039999961853027344,0.041949170907488065,,,0.25333333015441895,-0.10666664441426599,501490400.0,mid_large
2024-12-16,2024-12-17,LYRA,"Lyra Therapeutics, Inc.",SC 13D/A,Open,9.350000381469727,604.1900024414062,-0.05347593364711767,-0.053128324497996426,-0.06417116117544075,-0.05071512110532894,0.01604273929523581,0.03262695864802412,0.26737966823558845,-0.11229948105839693,9241831.0,micro
2024-12-06,2024-12-09,MAGN,Magnera Corp,SC 13G/A,Open,19.899999618530273,607.6900024414062,-0.015075338834740326,-0.011257590780801463,-0.047738636874455564,-0.044957609649033614,-0.07788941039060293,-0.04663994082868428,-0.015075338834740326,-0.10954775612889112,305092000.0,mid_large
2024-12-17,2024-12-18,MEG,"Montrose Environmental Group, Inc.",SC 13G,Open,17.639999389648438,603.97998046875,-0.03174600256908189,-0.010851278364161887,-0.040816289017391094,-0.03339885696066447,0.281179204276613,0.2928020373556921,0.281179204276613,-0.0992062985757598,916390144.0,mid_large
2024-12-16,2024-12-17,MESO,MESOBLAST LTD,SC 13G/A,Open,12.699999809265137,604.1900024414062,0.03149610852062956,0.031843717669750804,0.28188983709815685,0.29534587716826866,0.36614178283784193,0.38272600219063024,0.6842519457396852,0.03149610852062956,2008786944.0,mid_large
2024-12-06,2024-12-09,MGPI,MGP INGREDIENTS INC,SC 13G/A,Open,44.849998474121094,607.6900024414062,0.03322188916743318,0.037039637221372046,0.006466018403427087,0.009247045628849038,-0.19018949987743639,-0.15894003031551773,0.03322188916743318,-0.19018949987743639,533635552.0,mid_large
2024-12-13,2024-12-16,MHN,"BLACKROCK MUNIHOLDINGS NEW YORK QUALITY FUND, INC.",SC 13D/A,Open,10.739999771118164,606.0,-0.01117317394007622,-0.0081863792889314,-0.04469269576030488,-0.019758726533304016,-0.03631279310612445,-0.010454735498605872,-0.01117317394007622,-0.04562381578776786,310279200.0,mid_large
2024-12-17,2024-12-18,MNPR,Monopar Therapeutics,SC 13D/A,Open,30.68000030517578,603.97998046875,-0.04726208437145407,-0.02636736016653407,-0.25032595269825175,-0.24290852064152513,0.02020856993864406,0.03183140301772314,0.02020856993864406,-0.3151890475914564,509021792.0,mid_large
2024-12-09,2024-12-10,MNRHF,MENORA MIVTACHIM HOLDINGS LTD.,SC 13G,Open,25.049999237060547,605.3699951171875,0.0,-0.000677328217445039,0.0,0.001949209054460721,,,0.0,0.0,1553157504.0,mid_large
2024-12-09,2024-12-10,MODVQ,ModivCare Inc,SC 13D/A,Open,18.5,605.3699951171875,0.030810794314822587,0.030133466097377548,-0.1540540746740393,-0.1521048656195786,,,0.030810794314822587,-0.4318918795199007,143540.0,micro
2024-12-10,2024-12-11,MORN,"Morningstar, Inc.",SC 13G,Open,356.2200012207031,605.780029296875,0.0077199483200725005,0.0063993570917726394,-0.01976309168715118,-0.016791635480160827,-0.10560887931129759,-0.0727586309510796,0.0077199483200725005,-0.10560887931129759,8742011904.0,mid_large
2024-12-11,2024-12-12,MPU,Mega Matrix Inc,SC 13D/A,Open,1.7200000286102295,606.5800170898438,0.011627895694091173,0.01192462930006255,-0.034883756389998966,-0.009792208186183093,-0.2790697738890907,-0.22827680892066127,0.040697634929319326,-0.2790697738890907,60981812.0,micro
2024-12-13,2024-12-16,MQY,"BLACKROCK MUNIYIELD QUALITY FUND, INC.",SC 13D/A,Open,12.510000228881836,606.0,0.0,0.0029867946511448196,-0.058353355919633976,-0.03341938669263311,-0.0639488550038475,-0.038090797396328924,0.0,-0.08553162501374101,829678272.0,mid_large
2024-12-09,2024-12-10,MRAI,"Marpai, Inc.",SC 13D/A,Open,1.3600000143051147,605.3699951171875,-0.06617649443524909,-0.06685382265269413,-0.12499996712979178,-0.12305075807533106,,,0.029411736347271455,-0.39705883513066176,25167698.0,micro
2024-12-10,2024-12-11,MRM,MEDIROM Healthcare Technologies Inc.,SC 13G,Open,1.559999942779541,605.780029296875,-0.012820501064172207,-0.014141092292472068,-0.3455127787778113,-0.3425413225708209,-0.30769225478877493,-0.27484200642855694,-0.012820501064172207,-0.3621794607277208,15250765.0,micro
2024-12-17,2024-12-18,MSPR,"MSP Recovery, Inc.",SC 13D/A,Open,14.0,603.97998046875,-0.10500001907348633,-0.08410529486856633,-0.06999996730259483,-0.06258253524586821,0.16499996185302734,0.17662279493210642,0.21000003814697266,-0.125,738601.0,micro
2024-12-13,2024-12-16,MTEK,Maris Tech Ltd.,SC 13G/A,Open,3.009999990463257,606.0,0.1395349095098517,0.14252170416099652,0.6013289657584187,0.6262629349854195,0.2624584599189457,0.28831651752646426,1.0,0.1395349095098517,11947435.0,micro
2024-12-06,2024-12-09,MTG,MGIC INVESTMENT CORP,SC 13G/A,Open,25.0,607.6900024414062,-0.030800018310546906,-0.026982270256608043,-0.013199996948242143,-0.010418969722820193,-0.07239997863769532,-0.041150509075776665,-0.0016000366210937589,-0.07519996643066407,6280409088.0,mid_large
2024-12-13,2024-12-16,MUA,"BLACKROCK MUNIASSETS FUND, INC.",SC 13D/A,Open,11.630000114440918,606.0,-0.022355995384642724,-0.019369200733497904,-0.05417025866222047,-0.02923628943521961,-0.06362852655515538,-0.037770468947636804,-0.022355995384642724,-0.07996563164440595,413256704.0,mid_large
2024-12-13,2024-12-16,MUJ,"BLACKROCK MUNIHOLDINGS NEW JERSEY QUALITY FUND, INC.",SC 13D/A,Open,11.59000015258789,606.0,-0.01639348848629585,-0.013406693835151029,-0.04227780540699588,-0.01734383617999502,-0.038826557665286865,-0.012968500057768284,-0.01639348848629585,-0.051768798409873584,629179712.0,mid_large
2024-12-13,2024-12-16,MYD,"BLACKROCK MUNIYIELD FUND, INC.",SC 13D/A,Open,11.069999694824219,606.0,-0.011743461429515656,-0.008756666778370836,-0.062330587118797354,-0.03739661789179649,-0.046070396501092015,-0.020212338893573434,-0.011743461429515656,-0.06775067937451373,481573856.0,mid_large
2024-12-06,2024-12-09,MYE,MYERS INDUSTRIES INC,SC 13G/A,Open,12.029999732971191,607.6900024414062,0.0016625484794363654,0.0054802965333752285,0.01579389345594695,0.0185749206813689,-0.09808806132118064,-0.06683859175926199,0.0357439995611355,-0.10390690172453332,666609024.0,mid_large
2024-12-13,2024-12-16,MYE,MYERS INDUSTRIES INC,SC 13D/A,Open,12.220000267028809,606.0,-0.006546638458094445,-0.003559843806949625,-0.07037648048764444,-0.04544251126064358,-0.0564648542536722,-0.030606796646153622,0.004091668546830629,-0.13502459379289145,666609024.0,mid_large
2024-12-11,2024-12-12,NAD,Nuveen Quality Municipal Income Fund,SC 13D/A,Open,12.25,606.5800170898438,-0.02285712105887272,-0.022560387452901343,-0.05551022899394131,-0.03041868079012544,-0.0481632777622768,0.002629687206152642,-0.02285712105887272,-0.0693877862424267,2791519744.0,mid_large
2024-12-17,2024-12-18,NAMS,NewAmsterdam Pharma Co N.V.,SC 13D/A,Open,26.0,603.97998046875,-0.024615361140324477,-0.0037206369354044755,-0.006538464472844008,0.0008789675838826172,-0.09653847034160912,-0.08491563726253004,0.009615384615384581,-0.09653847034160912,4293959936.0,mid_large
2024-12-13,2024-12-16,NAN,NUVEEN NEW YORK QUALITY MUNICIPAL INCOME FUND,SC 13D/A,Open,11.5,606.0,-0.000869585120159666,0.0021172095309851535,-0.03304348821225378,-0.008109518985252917,-0.019130458002505124,0.006727599605013457,0.002608672432277581,-0.03739133088485058,357551296.0,mid_large
2024-12-13,2024-12-16,NBH,NEUBERGER BERMAN MUNICIPAL FUND INC.,SC 13D/A,Open,10.649999618530273,606.0,-0.009389617969696284,-0.006402823318551465,-0.0319248085532321,-0.006990839326231235,-0.03755865097255984,-0.011700593365041256,-0.009389617969696284,-0.04507038116707174,302992736.0,mid_large
2024-12-17,2024-12-18,NC,NACCO INDUSTRIES INC,SC 13D,Open,30.1200008392334,603.97998046875,-0.022244357822899685,-0.0013496336179796842,-0.0710491778675374,-0.06363174581081077,0.012616173644710793,0.02423900672378987,0.05876489047468736,-0.08366535151224819,323550752.0,mid_large
2024-12-12,2024-12-13,NCNO,"nCino, Inc.",SC 13D/A,Open,36.369998931884766,606.4000244140625,-0.01209784546689241,-0.011438174625933883,-0.06571348528562038,-0.025096724251332136,-0.10063238809180908,-0.0642866787000651,-0.01209784546689241,-0.11273023355870149,2918531072.0,mid_large
2024-12-13,2024-12-16,NEA,Nuveen AMT-Free Quality Municipal Income Fund,SC 13D/A,Open,11.579999923706055,606.0,-0.0060448786947674416,-0.003058084043622622,-0.03454228162052164,-0.00960831239352078,-0.024179597134365127,0.0016784604731534536,-0.0060448786947674416,-0.04317789320329979,3477281536.0,mid_large
2024-12-17,2024-12-18,NEGG,"Newegg Commerce, Inc.",SC 13D/A,Open,9.600000381469727,603.97998046875,0.020833312637276835,0.041728036842196836,-0.02083341197834765,-0.013415979921621024,-0.12500007450580297,-0.1133772414267239,0.08333325054910778,-0.16666669978035686,1826809344.0,mid_large
2024-12-11,2024-12-12,NGNE,Neurogene,SC 13G,Open,22.920000076293945,606.5800170898438,-0.020942388335015272,-0.020645654729043894,-0.03926699893256713,-0.01417545072875126,-0.16666665279705772,-0.11587368782862828,0.08333332639852875,-0.16666665279705772,395617504.0,mid_large
2024-12-13,2024-12-16,NGS,NATURAL GAS SERVICES GROUP INC,SC 13D/A,Open,25.600000381469727,606.0,-0.013671889697434159,-0.010685095046289339,-0.043750032130628336,-0.018816062903627473,0.09687498067505684,0.12273303828257542,0.10937496856786355,-0.04453130000037997,353316992.0,mid_large
2024-12-13,2024-12-16,NKTX,"Nkarta, Inc.",SC 13G,Open,2.4700000286102295,606.0,-0.07692309919824758,-0.07393630454710276,-0.03643721179224069,-0.011503242565239824,-0.10931173190246146,-0.08345367429494288,0.03238863270421399,-0.11740889007851496,138497808.0,micro
2024-12-09,2024-12-10,NMAI,Nuveen Multi-Asset Income Fund,SC 13D/A,Open,12.859999656677246,605.3699951171875,-0.002332794228001034,-0.003010122445446073,-0.04743387814637445,-0.04548466909191373,,,-0.002332794228001034,-0.0832037109945526,441887008.0,mid_large
2024-12-13,2024-12-16,NMCO,Nuveen Municipal Credit Opportunities Fund,SC 13D/A,Open,10.90999984741211,606.0,-0.012832208213242602,-0.009845413562097782,-0.0421631571567882,-0.017229187929787337,-0.021081534871962848,0.004776522735555733,-0.01099907307400616,-0.044912903572074225,598984640.0,mid_large
2024-12-13,2024-12-16,NMS,Nuveen Minnesota Quality Municipal Income Fund,SC 13D/A,Open,12.975000381469727,606.0,-0.008015421078619966,-0.005028626427475147,-0.036608891522508125,-0.011674922295507262,-0.05587671369205793,-0.030018656084539352,-0.008015421078619966,-0.05973029282614961,72406280.0,micro
2024-12-13,2024-12-16,NMZ,NUVEEN MUNICIPAL HIGH INCOME OPPORTUNITY FUND,SC 13D/A,Open,11.3100004196167,606.0,-0.015030952253466512,-0.012044157602321692,-0.04067197357032126,-0.0157380043433204,-0.02740940832141947,-0.0015513507139008897,-0.015030952253466512,-0.053934623140556526,1224675840.0,mid_large
2024-12-06,2024-12-09,NN,NEXTNAV INC.,SC 13D/A,Open,17.049999237060547,607.6900024414062,-0.005278601561005569,-0.0014608535070667061,0.0023460948573179596,0.00512712208273991,-0.20821110826469302,-0.17696163870277437,0.05161296818139616,-0.20821110826469302,1698029056.0,mid_large
2024-12-10,2024-12-11,NORD,Nordicus Partners Corp,SC 13D,Open,4.0,605.780029296875,0.4750000238418579,0.47367943261355805,1.4625000953674316,1.465471551574422,1.2249999046325684,1.2578501529927864,1.4625000953674316,0.4750000238418579,89332760.0,micro
2024-12-16,2024-12-17,NPCT,Nuveen Core Plus Impact Fund,SC 13D/A,Open,10.979999542236328,604.1900024414062,-0.011839632621708174,-0.011492023472586932,-0.03460830388060343,-0.021152263810491623,-0.04644802335789955,-0.02986380400511124,-0.011839632621708174,-0.0500910072850993,307966048.0,mid_large
2024-12-09,2024-12-10,NRSN,NeuroSense Therapeutics Ltd.,SC 13G,Open,1.0499999523162842,605.3699951171875,-0.07619040698961566,-0.0768677352070607,-0.12380946812445637,-0.12186025906999565,,,0.21904764716046876,-0.18095233013299894,30990102.0,micro
2024-12-09,2024-12-10,NXJ,NUVEEN NEW JERSEY QUALITY MUNICIPAL INCOME FUND,SC 13D/A,Open,12.640000343322754,605.3699951171875,-0.0007911573267573857,-0.0014684855442024247,-0.03322785323465727,-0.031278644180196546,,,0.0007910818778420481,-0.0640823099379576,526132288.0,mid_large
2024-12-13,2024-12-16,NZF,Nuveen Municipal Credit Income Fund,SC 13D/A,Open,12.75,606.0,-0.007843167174096166,-0.004856372522951347,-0.037647022920496376,-0.012713053693495513,-0.03843135459750302,-0.01257329698998444,-0.007843167174096166,-0.05098036223766855,2440986112.0,mid_large
2024-12-10,2024-12-11,OGI,ORGANIGRAM HOLDINGS INC.,SC 13D/A,Open,1.5399999618530273,605.780029296875,-0.012987000923330161,-0.014307592151630022,0.11038966266556938,0.11336111887255973,0.03896108017862199,0.07181132853883998,0.11038966266556938,-0.0649350046166508,206394128.0,micro
2024-12-13,2024-12-16,OIA,Invesco Municipal Income Opportunities Trust,SC 13D/A,Open,6.340000152587891,606.0,-0.02208207254783867,-0.019095277896693852,-0.06466881930308976,-0.0397348500760889,-0.05678235407730359,-0.030924296469785006,-0.02208207254783867,-0.08044167454375561,283677088.0,micro
2024-12-17,2024-12-18,OMCC,OLD MARKET CAPITAL Corp,SC 13D/A,Open,6.079999923706055,603.97998046875,-0.013157882353605488,0.007736841851314513,-0.013157882353605488,-0.005740450296878863,0.12335526470579938,0.13497809778487846,0.12335526470579938,-0.034539480391796995,37820300.0,micro
2024-12-06,2024-12-09,OPRA,Opera Ltd,SC 13D/A,Open,19.299999237060547,607.6900024414062,-0.011917075198359273,-0.00809932714442041,0.011399027430046171,0.014180054655468122,-0.0642486953438357,-0.03299922578191705,0.04663220525681111,-0.0642486953438357,1292724992.0,mid_large
2024-12-06,2024-12-09,OPRX,OptimizeRx Corp,SC 13G/A,Open,5.420000076293945,607.6900024414062,-0.027675293958666858,-0.023857545904727995,-0.06457562725199983,-0.061794600026577884,0.012915072663999494,0.044164542225918146,0.03136532728800012,-0.1605165817919998,355706016.0,mid_large
2024-12-13,2024-12-16,ORA,"ORMAT TECHNOLOGIES, INC.",SC 13D/A,Open,72.9800033569336,606.0,0.0017812722312737783,0.004768066882418598,-0.04809539565329435,-0.023161426426293485,-0.06563442991500301,-0.03977637230748443,0.0017812722312737783,-0.10167176564859526,6885127168.0,mid_large
2024-12-09,2024-12-10,OS,"OneStream, Inc.",SC 13G,Open,30.899999618530273,605.3699951171875,0.0022653623200123985,0.0015880341025673594,-0.050809052239687236,-0.048859843185226515,,,0.012297769346487408,-0.12103559279254295,4883606016.0,mid_large
2024-12-10,2024-12-11,P8P.F,Power REIT,SC 13D/A,Open,1.350000023841858,605.780029296875,-0.14074078064069429,-0.14206137186899415,-0.29259261744830134,-0.289621161241311,-0.07407409042651403,-0.041223842066296035,0.059259201698670605,-0.31111111797913593,2010802.0,micro
2024-12-13,2024-12-16,PAIYY,Aesthetic Medical International Holdings Group Ltd,SC 13D/A,Open,0.2809999883174896,606.0,-0.0035586731920674852,-0.0005718785409226657,-0.0035586731920674852,0.021375296034933378,-0.02491103051874599,0.0009470270887725896,0.09252677569084922,-0.02491103051874599,8276889.0,micro
2024-12-12,2024-12-13,PAVM,PAVmed Inc.,SC 13D/A,Open,0.8169999718666077,606.4000244140625,-0.05752753067140581,-0.05686785983044729,-0.25826190077540756,-0.21764513974111932,-0.2643818461900994,-0.22803613679835544,-0.05752753067140581,-0.2643818461900994,7726966.0,micro
2024-12-10,2024-12-11,PAY,"Paymentus Holdings, Inc. (the “Issuer”)",SC 13G,Open,32.59000015258789,605.780029296875,0.026695272409063886,0.025374681180764025,0.09205277649444188,0.09502423270143223,-0.04817427700133192,-0.01532402864111393,0.0957348547798953,-0.04817427700133192,4443125248.0,mid_large
2024-12-13,2024-12-16,PAYC,"Paycom Software, Inc.",SC 13D/A,Open,234.30999755859375,606.0,-0.012163334362264577,-0.009176539711119758,-0.12018268087373196,-0.0952487116467311,-0.12244463633794267,-0.09658657873042409,-0.012163334362264577,-0.15756902630547276,10334899200.0,mid_large
2024-12-06,2024-12-09,PAYO,Payoneer Global Inc.,SC 13G,Open,10.460000038146973,607.6900024414062,-0.032504794583932184,-0.02868704652999332,-0.015296352469273411,-0.01251532524385146,-0.02581266317198827,0.005436806389930382,0.008604221057329386,-0.08126198645983063,1970925952.0,mid_large
2024-12-05,2024-12-06,PCYO,PURE CYCLE CORP,SC 13D/A,Open,13.84000015258789,607.4400024414062,-0.017341023733535632,-0.01775258701385174,-0.010115631631447353,-0.008403564557886378,-0.11199423219984828,-0.095498743771398,0.01300580225370318,-0.13150286667330013,264817344.0,micro
2024-12-06,2024-12-09,PGNY,"Progyny, Inc.",SC 13G/A,Open,14.850000381469727,607.6900024414062,0.07272726572140087,0.07654501377533973,-0.019528616458144854,-0.016747589232722904,0.155555515596139,0.18680498515805766,0.19865311648556694,-0.0558922493188454,1623347840.0,mid_large
2024-12-06,2024-12-09,PINS,"PINTEREST, INC.",SC 13G/A,Open,32.130001068115234,607.6900024414062,0.0077808898751670075,0.01159863792910587,-0.048864038281370314,-0.046083011055948364,-0.019607875728968716,0.011641593832949937,0.0077808898751670075,-0.09399316393925117,17508188160.0,mid_large
2024-12-05,2024-12-06,PMDI,PSYCHEMEDICS CORP,SC 13D/A,Open,2.7200000286102295,607.4400024414062,0.1801470604348141,0.179735497154498,-0.007352934086817808,-0.005640867013256834,-0.26470589008710776,-0.2482104016586575,0.1801470604348141,-0.35661765382621935,12585574.0,micro
2024-12-12,2024-12-13,PMDI,PSYCHEMEDICS CORP,SC 13D/A,Open,2.700000047683716,606.4000244140625,-0.25925927234121127,-0.25859960150025274,-0.3518518632985599,-0.31123510226427165,-0.3518518632985599,-0.3155061539068159,-0.14814818085302806,-0.3518518632985599,12585574.0,micro
2024-12-12,2024-12-13,PMVP,"PMV Pharmaceuticals, Inc.",SC 13G,Open,1.5700000524520874,606.4000244140625,0.025477681857751344,0.02613735269870987,-0.038216598716108385,0.002400162318179855,-0.10828029975440612,-0.07193459036266214,0.025477681857751344,-0.10828029975440612,69418032.0,micro
2024-12-12,2024-12-13,PPT,PUTNAM PREMIER INCOME TRUST,SC 13D/A,Open,3.609999895095825,606.4000244140625,0.005540227126394903,0.006199897967353429,-0.030470885953559068,0.010145875080729172,-0.013850402706163223,0.02249530668558075,0.005540227126394903,-0.030470885953559068,344998784.0,mid_large
2024-12-12,2024-12-13,PSHG,Performance Shipping Inc.,SC 13D/A,Open,1.659999966621399,606.4000244140625,-0.012048181523292234,-0.011388510682333708,0.04819279790599551,0.08880955894028375,0.11445786809692926,0.15080357748867323,0.15060241266680596,-0.012048181523292234,25858888.0,micro
2025-02-05,2025-02-06,PSHG,Performance Shipping Inc.,SC 13D/A,Open,1.6100000143051147,605.989990234375,0.01863352243677996,0.017148309102291703,-0.024844696582373316,-0.022352890133489622,-0.07453416379015643,-0.024186781395564627,0.03726704487356014,-0.07453416379015643,25858888.0,micro
2025-07-31,2025-08-01,PSHG,Performance Shipping Inc.,SC 13D/A,Open,1.7000000476837158,626.2999877929688,-0.02941180595477033,-0.028405890426921432,0.08235293045175962,0.06996268629261371,,,0.19411759673518025,-0.02941180595477033,25858888.0,micro
2024-12-12,2024-12-13,PSQH,"PSQ Holdings, Inc.",SC 13G,Open,4.159999847412109,606.4000244140625,0.05769236941309597,0.058352040254054494,-0.11778841083924263,-0.07717164980495439,-0.05288456688971033,-0.016538857497966353,0.17788468151403136,-0.11778841083924263,89069680.0,micro
2024-12-06,2024-12-09,PVCT,"PROVECTUS BIOPHARMACEUTICALS, INC.",SC 13D/A,Open,0.125,607.6900024414062,0.15999996662139893,0.1638177146753378,0.0,0.0027810272254219504,-0.07200002670288086,-0.04075055714096221,0.15999996662139893,-0.07200002670288086,29419592.0,micro
2024-12-05,2024-12-06,PX,"P10, Inc.",SC 13D/A,Open,13.819999694824219,607.4400024414062,-0.03617945087128016,-0.03659101415159627,-0.032561491982786905,-0.03084942490922593,-0.023154826475434986,-0.0066593380469847085,-0.018089725435640136,-0.09551372821799531,1162490880.0,mid_large
2024-12-13,2024-12-16,PX,"P10, Inc.",SC 13D/A,Open,13.210000038146973,606.0,-0.0007570195952276704,0.002229775055917149,-0.018168037125292136,0.006765932101708727,0.009084018562645957,0.03494207617016454,0.023467102098523762,-0.05374716397401069,1162490880.0,mid_large
2024-12-06,2024-12-09,QDEL,QuidelOrtho Corp,SC 13G/A,Open,38.5,607.6900024414062,0.03532469117796255,0.039142439231901416,0.09714290073939735,0.0999239279648193,0.20727271538276182,0.23852218494468047,0.235584407657772,0.02987016950334831,1858435712.0,mid_large
2024-12-06,2024-12-09,QIND,Quality Industrial Corp.,SC 13D,Open,0.07500000298023224,607.6900024414062,-0.0033333896266066754,0.0004843584273321877,-0.1466666600439286,-0.14388563281850664,-0.3160000218550355,-0.28475055229311685,-0.0033333896266066754,-0.3333333498901785,4227771.0,micro
2024-12-11,2024-12-12,QIPT,Quipt Home Medical Corp.,SC 13D,Open,2.7899999618530273,606.5800170898438,-0.007168452042999429,-0.0068717184370280515,-0.1111110921211802,-0.08601954391736433,0.046595023734185226,0.09738798870261467,0.11827954416417974,-0.13620067427167826,102604320.0,micro
2024-12-11,2024-12-12,RBTC,"Rubicon Technologies, Inc.",SC 13G/A,Open,0.06520000100135803,606.5800170898438,0.012269917618520143,0.01256665122449152,-0.003067536540983462,0.02202401166283241,0.03067479404630058,0.08146775901473002,0.4493864469827207,-0.14110428115839613,34837.0,micro
2024-12-06,2024-12-09,RCAT,"Red Cat Holdings, Inc.",SC 13G/A,Open,8.229999542236328,607.6900024414062,-0.08505460162367984,-0.08123685356974097,0.19805591799559208,0.20083694522101403,0.4896720426244934,0.520921512186412,0.7351154954123975,-0.14823807791160382,1109296128.0,mid_large
2024-12-16,2024-12-17,RCKT,"ROCKET PHARMACEUTICALS, INC.",SC 13D/A,Open,11.710000038146973,604.1900024414062,0.08539709622052594,0.08574470536964718,-0.017933393463951175,-0.004477353393839367,-0.07173357385580459,-0.05514935450301628,0.0990606185852474,-0.07173357385580459,358240832.0,mid_large
2024-12-17,2024-12-18,RCUS,"Arcus Biosciences, Inc.",SC 13D/A,Open,16.06999969482422,603.97998046875,-0.05600495554583884,-0.03511023134091884,-0.01306783087336394,-0.005650398816637314,-0.10952080327508507,-0.09789797019600599,-0.0043559238427841596,-0.12881143336243617,2403052288.0,mid_large
2024-12-06,2024-12-09,REED,"REED'S, INC.",SC 13D/A,Open,3.6749989986419678,607.6900024414062,-0.061224480527943825,-0.05740673247400496,0.06628570286756963,0.06906673009299158,0.14122447793291104,0.1724739474948297,0.22448987006216337,-0.10204084413045411,66644868.0,micro
2024-12-05,2024-12-06,RGTI,"Rigetti Computing, Inc.",SC 13G,Open,3.3299999237060547,607.4400024414062,0.5195195371500545,0.5191079738697384,0.903903993346618,0.905616060420179,4.945945853063128,4.962441341491578,4.945945853063128,0.30030030718050904,12088120320.0,mid_large
2024-12-10,2024-12-11,RIME,"Algorhythm Holdings, Inc.",SC 13G,Open,18.0,605.780029296875,0.0,-0.001320591228299861,-0.11111111111111116,-0.10813965490412081,0.8888888888888888,0.9217391372491068,1.8888888888888888,-0.11111111111111116,5349600.0,micro
2024-12-12,2024-12-13,RNGR,"Ranger Energy Services, Inc.",SC 13D/A,Open,15.5,606.4000244140625,-0.007096752043693311,-0.006437081202734785,-0.08838708939090856,-0.04777032835662032,0.05548391034526201,0.09182961973700599,0.06451612903225801,-0.10451612164897306,302750368.0,mid_large
2024-12-10,2024-12-11,RNW,ReNew Energy Global plc,SC 13D/A,Open,6.519999980926514,605.780029296875,0.12269941611582347,0.1213788248875236,0.07668711678875617,0.07965857299574652,0.061349708057911734,0.09419995641812973,0.12269941611582347,0.029141113155871423,2735124224.0,mid_large
2024-12-05,2024-12-06,RSSS,"Research Solutions, Inc.",SC 13D/A,Open,3.6600000858306885,607.4400024414062,0.03825132874384085,0.037839765463524744,0.07377048486195137,0.07548255193551234,0.10382510030354064,0.12032058873199092,0.14754090458221603,0.027322377674172005,103060408.0,micro
2024-12-06,2024-12-09,RVPH,"REV Group, Inc.",SC 13G/A,Open,1.7300000190734863,607.6900024414062,0.38728327682491503,0.3911010248788539,0.5433526282409422,0.5461336554663642,0.18497105763858657,0.21622052720050522,0.6936416384124575,-0.2080924915237372,55846628.0,micro
2024-12-05,2024-12-06,RZLV,REZOLVE AI Ltd,SC 13G/A,Open,2.069999933242798,607.4400024414062,0.019323653692280285,0.018912090411964178,0.04347833598569206,0.04519040305925304,0.93719824067815,0.9536937291066003,1.5024154567115349,-0.014492740269210325,1336237312.0,mid_large
2024-12-12,2024-12-13,S,"SentinelOne, Inc.",SC 13D/A,Open,23.920000076293945,606.4000244140625,-0.0020902691012153474,-0.0014305982602568212,-0.09239134551724038,-0.051774584482952135,-0.07483281395560426,-0.038487104563860286,0.0066889568102752595,-0.09239134551724038,5620649472.0,mid_large
2024-12-09,2024-12-10,SBNY,Signature Bank Corp,SC 13D,Open,1.649999976158142,605.3699951171875,-0.09090907777308088,-0.09158640599052592,-0.2545454322142374,-0.2525962231597767,,,-0.036363602210010226,-0.27272723331924253,72420144.0,micro
2024-12-12,2024-12-13,SKLZ,Skillz Inc.,SC 13D/A,Open,5.010000228881836,606.4000244140625,-0.031936191005918824,-0.0312765201649603,-0.10179644822005551,-0.06117968718576727,0.08782426352932582,0.1241699729210698,0.11576844255663898,-0.1357285976267406,97192600.0,micro
2024-12-10,2024-12-11,SMID,SMITH MIDLAND CORP,SC 13D/A,Open,48.47999954223633,605.780029296875,-0.004331664324577877,-0.0056522555528777385,-0.024958727225615873,-0.02198727101862552,-0.18296202590012656,-0.15011177753990856,0.018358073392163776,-0.18296202590012656,199983648.0,micro
2024-12-12,2024-12-13,SMLR,"Semler Scientific, Inc.",SC 13D/A,Open,71.87999725341797,606.4000244140625,-0.04674458456788255,-0.046084913726924026,-0.17223146530976374,-0.1316147042754755,-0.24805229128621853,-0.21170658189447455,0.09209798274258074,-0.3426543989224594,435186688.0,mid_large
2024-12-06,2024-12-09,SNCR,SYNCHRONOSS TECHNOLOGIES INC,SC 13G/A,Open,9.9399995803833,607.6900024414062,0.04325958987205514,0.047077337925994,0.03319928484017565,0.0359803120655976,-0.10965787172312358,-0.07840840216120493,0.050301812988680084,-0.11267604958147226,63374660.0,micro
2024-12-06,2024-12-09,SNDX,Syndax Pharmaceuticals Inc,SC 13G/A,Open,17.1200008392334,607.6900024414062,-0.07768696332843905,-0.07386921527450019,-0.1845794769965633,-0.18179844977114135,-0.2085280650405852,-0.17727859547866653,-0.07768696332843905,-0.26752340262066565,1300742144.0,mid_large
2024-12-06,2024-12-09,SPMC,"Sound Point Meridian Capital, Inc.",SC 13G,Open,20.479999542236328,607.6900024414062,0.005859416109161408,0.009677164163100271,0.03515631039044953,0.03793733761587148,0.04003904849378137,0.07128851805570002,0.04492187972937245,-0.01220703152284841,329394880.0,mid_large
2024-12-05,2024-12-06,STEP,StepStone Group Inc.,SC 13D/A,Open,62.58000183105469,607.4400024414062,-0.03787156722973983,-0.03828313051005594,-0.006551672261312036,-0.0048396051877510615,-0.030680759467312746,-0.014185271038862468,0.008149541492664447,-0.08341324812989626,7757047296.0,mid_large
2024-12-17,2024-12-18,STIM,"Neuronetics, Inc.",SC 13D,Open,1.340000033378601,603.97998046875,0.059701434114406204,0.0805961583193262,0.08208956086946273,0.08950699292618935,0.7537312284294577,0.7653540615085368,0.7537312284294577,-0.05223884381225963,181182000.0,micro
2024-12-06,2024-12-09,STRL,"STERLING INFRASTRUCTURE, INC.",SC 13G/A,Open,196.13999938964844,607.6900024414062,-0.05521567178931197,-0.05139792373537311,-0.07433466848386339,-0.07155364125844144,-0.16605481883747075,-0.1348053492755521,-0.03828894937394545,-0.16605481883747075,12621947904.0,mid_large
2024-12-06,2024-12-09,STTK,"Shattuck Labs, Inc.",SC 13D/A,Open,1.2599999904632568,607.6900024414062,0.007936500427734305,0.011754248481673168,-0.08730159931562509,-0.08452057209020314,0.007936500427734305,0.03918596998965296,0.06349209803242228,-0.1904761994867189,97722560.0,micro
2024-12-05,2024-12-06,SUNNZ.XC,Sunrise Communications AG,SC 13G,Open,42.59000015258789,607.4400024414062,-0.023244932494010384,-0.02365649577432649,-0.018079372035806007,-0.016367304962245033,-0.05869922495992508,-0.0422037365314748,-0.018079372035806007,-0.08664002379640212,3097507072.0,mid_large
2024-12-13,2024-12-16,TCI,TRANSCONTINENTAL REALTY INVESTORS INC,SC 13D/A,Open,29.0,606.0,-0.01275864962873785,-0.00977185497759303,-0.03482759409937364,-0.009893624872372775,-0.0610344985435749,-0.03517644093605632,0.041724106361126,-0.06896551724137934,413391264.0,mid_large
2024-12-06,2024-12-09,THR,"Thermon Group Holdings, Inc.",SC 13G/A,Open,32.130001068115234,607.6900024414062,-0.013071956728298195,-0.009254208674359332,-0.010582014979305332,-0.007800987753883382,-0.1123560687937234,-0.08110659923180474,0.02427633841789434,-0.11484595117923768,972442368.0,mid_large
2024-12-06,2024-12-09,TOUR,Tuniu Corp,SC 13D/A,Open,1.100000023841858,607.6900024414062,-0.018181800448205276,-0.014364052394266413,-0.05454550971669481,-0.051764482491272856,-0.07272731016490008,-0.04147784060298143,0.009090900224102638,-0.14181819521691164,99782688.0,micro
2024-12-06,2024-12-09,TPL,Texas Pacific Land Corp,SC 13G/A,Open,1351.6400146484375,607.6900024414062,-0.016010190889521825,-0.012192442835582962,-0.11152377008724668,-0.10874274286182473,-0.07226039691545871,-0.04101092735354006,-0.016010190889521825,-0.19449706415862167,21119225856.0,mid_large
2024-12-09,2024-12-10,TS,TENARIS SA,SC 13D/A,Open,38.90999984741211,605.3699951171875,-0.00642508355128224,-0.007102411768727279,-0.024929355551453147,-0.022980146496992426,,,-0.001542055346345772,-0.05268566551271503,20835842048.0,mid_large
2024-12-17,2024-12-18,TSE,Trinseo PLC,SC 13G,Open,6.610000133514404,603.97998046875,-0.18003026220632767,-0.15913553800140767,-0.2753404137518103,-0.26792298169508366,-0.338880514782132,-0.3272576817030529,-0.18003026220632767,-0.3706505652972928,49974080.0,micro
2024-12-09,2024-12-10,TSEM,TOWER SEMICONDUCTOR LTD,SC 13G,Open,49.29999923706055,605.3699951171875,0.009330610377106474,0.008653282159661435,0.054766750602903924,0.056715959657364645,,,0.0697769268690025,-0.005070993993283146,9761498112.0,mid_large
2024-12-09,2024-12-10,TTGT,"TechTarget, Inc.",SC 13D,Open,23.549999237060547,605.3699951171875,-0.02590228122143534,-0.02657960943888038,-0.1397027224952624,-0.13775351344080167,,,-0.02590228122143534,-0.22462841526779576,378891712.0,mid_large
2024-12-06,2024-12-09,TYRA,"Tyra Biosciences, Inc.",SC 13D/A,Open,15.6899995803833,607.6900024414062,0.02103256126233166,0.024850309316270525,-0.049075814192631406,-0.046294786967209456,0.010197629405068298,0.04144709896698695,0.05481196173851255,-0.11663479749190331,789863616.0,mid_large
2024-12-06,2024-12-09,TZUP,THUMZUP MEDIA Corp,SC 13G/A,Open,4.949999809265137,607.6900024414062,-0.0626262534797073,-0.05880850542576843,-0.1676767587248199,-0.16489573149939796,-0.24040401306167802,-0.20915454349975937,-0.0626262534797073,-0.39393937058648665,70466120.0,micro
2024-12-13,2024-12-16,UBXG,U-BX Technology Ltd.,SC 13D,Open,3.700000047683716,606.0,-0.07027026678716475,-0.06728347213601993,-0.14054053357432938,-0.11560656434732852,-0.10540543239947353,-0.07954737479195495,0.12702703312246166,-0.18648649954813235,65716592.0,micro
2024-12-09,2024-12-10,UHG,"United Homes Group, Inc.",SC 13D/A,Open,4.489999771118164,605.3699951171875,-0.011135794308794189,-0.011813122526239228,0.028953256362537205,0.030902465416997926,,,0.040089156871149445,-0.09576834081475649,85264152.0,micro
2024-12-17,2024-12-18,UHG,"United Homes Group, Inc. (""Issuer"").",SC 13G,Open,4.46999979019165,603.97998046875,-0.08277402750017093,-0.06187930329525093,-0.03355696321494506,-0.026139531158218432,0.008948644422301033,0.02057147750138011,0.008948644422301033,-0.12527958179992493,85264152.0,micro
2024-12-09,2024-12-10,UPWK,"UPWORK, INC",SC 13G/A,Open,17.360000610351562,605.3699951171875,0.005760280564821363,0.005082952347376324,-0.020737361618345718,-0.018788152563884997,,,0.005760280564821363,-0.084677431759551,2172095488.0,mid_large
2024-12-06,2024-12-09,USFD,US Foods Holding Corp.,SC 13G/A,Open,71.7699966430664,607.6900024414062,-0.02438344826325234,-0.020565700209313476,-0.03176813272872214,-0.028987105503300192,-0.06409361417415493,-0.03284414461223628,-0.021596704679698875,-0.07510101214654519,16685216768.0,mid_large
2024-12-13,2024-12-16,VCV,Invesco California Value Municipal Income Trust,SC 13D/A,Open,10.65999984741211,606.0,-0.010318917284407925,-0.007332122633263105,-0.014071258975363765,0.010862710251637098,0.015009366763823362,0.04086742437134194,0.05440899925030096,-0.01594747455228296,540710720.0,mid_large
2024-12-13,2024-12-16,VKI,Invesco Advantage Municipal Income Trust II,SC 13D/A,Open,9.0,606.0,-0.0077777438693575895,-0.00479094921821277,-0.04111109839545357,-0.01617712916845271,-0.031111081441243527,-0.005253023833724946,-0.0077777438693575895,-0.045555538601345535,396989792.0,mid_large
2024-12-09,2024-12-10,VMO,Invesco Municipal Opportunity Trust,SC 13D/A,Open,10.109999656677246,605.3699951171875,0.0009891423562247148,0.0003118141387796758,-0.02769532566564059,-0.02574611661117987,,,0.0029674270686739224,-0.0633036015214643,650802624.0,mid_large
2024-12-06,2024-12-09,VOYA,Voya,SC 13G/A,Open,81.3499984741211,607.6900024414062,-0.06269205371581532,-0.05887430566187646,-0.14087276336112398,-0.13809173613570203,-0.16459741414633267,-0.133347944584414,-0.06269205371581532,-0.18414254466525248,6858197504.0,mid_large
2024-12-12,2024-12-13,VPV,Invesco Pennsylvania Value Municipal Income Trust,SC 13D/A,Open,11.010000228881836,606.4000244140625,-0.009082686593175682,-0.008423015752217156,-0.06630340424477743,-0.02568664321048919,-0.0753860042190343,-0.03904029482729032,-0.009082686593175682,-0.07629429020213563,190874656.0,micro
2024-12-09,2024-12-10,VRCA,Verrica Pharmaceuticals Inc.,SC 13G/A,Open,9.199999809265137,605.3699951171875,-0.04347822030685711,-0.044155548524302146,-0.22173913088547936,-0.21978992183101864,,,-0.04347822030685711,-0.3043478012986349,32587900.0,micro
2024-12-16,2024-12-17,VSTTF,Vast Renewables Ltd,SC 13D/A,Open,1.3600000143051147,604.1900024414062,0.676470549564461,0.6768181587135822,-0.06617649443524909,-0.05272045436513728,-0.17647059339140525,-0.15988637403861694,0.676470549564461,-0.18382352747822306,41963.0,micro
2024-12-12,2024-12-13,VTN,Invesco Trust for Investment Grade New York Municipals,SC 13D/A,Open,11.180000305175781,606.4000244140625,-0.006261238514110645,-0.005601567673152119,-0.05903397400683097,-0.01841721297254273,-0.07781751894553313,-0.04147180955378915,-0.006261238514110645,-0.07781751894553313,160253216.0,micro
2024-12-17,2024-12-18,VTS,"Vitesse Energy, Inc.",SC 13D/A,Open,26.309999465942383,603.97998046875,-0.050551119372986175,-0.029656395168066174,-0.06651463456946582,-0.0590972025127392,0.03610797347864647,0.04773080655772555,0.03610797347864647,-0.09388062955120324,803935808.0,mid_large
2024-12-09,2024-12-10,WEAV,"Weave Communications, Inc.",SC 13D/A,Open,14.600000381469727,605.3699951171875,0.023972562921274143,0.023295234703829104,0.08561643611917269,0.08756564517363341,,,0.11232872238345415,0.023972562921274143,527215456.0,mid_large
2024-12-05,2024-12-06,WHLR,"Wheeler Real Estate Investment Trust, Inc.",SC 13G/A,Open,3759.0,607.4400024414062,0.003724394785847407,0.0033128315055312996,0.009310986964618184,0.011023054038179159,-0.3947858472998138,-0.37829035887136353,0.009310986964618184,-0.3947858472998138,3168077.0,micro
2024-12-06,2024-12-09,WK,WORKIVA INC,SC 13G/A,Open,103.27999877929688,607.6900024414062,-0.016363308107871677,-0.012545560053932814,0.008036423710929164,0.010817450936351114,0.057804040387923195,0.08905350994984185,0.10340821486644569,-0.016363308107871677,4599439360.0,mid_large
2024-12-12,2024-12-13,XGN,Exagen Inc.,SC 13G/A,Open,6.0,606.4000244140625,0.029999971389770508,0.030659642230729034,-0.2133333683013916,-0.17271660726710336,-0.48000001907348633,-0.44365430968174235,0.029999971389770508,-0.49166667461395264,227297600.0,micro
2024-12-09,2024-12-10,XOS,"Xos, Inc.",SC 13D/A,Open,3.7100000381469727,605.3699951171875,-0.008086245574475681,-0.00876357379192072,-0.05390836809360511,-0.05195915903914439,,,-0.008086245574475681,-0.19137467138722597,26234612.0,micro
2024-12-06,2024-12-09,XRAY,DENTSPLY SIRONA Inc.,SC 13G/A,Open,19.170000076293945,607.6900024414062,0.014084530865368095,0.017902278919306958,0.020865916376543003,0.023646943601964954,-0.034428786895430386,-0.003179317333511733,0.0438184741390093,-0.03703708862783428,2517486336.0,mid_large
